frame_id,image_path,split_hint,curvature,lateral_offset,traffic_density,obstacle,rain,fog,glare,bad_frame,steering,throttle,brake
frame_000000,images/frame_000000.png,train,0.20861994426471772,-0.04562721938649094,0.14623940150121914,0,1,0,0,0,-0.13422324201969715,0.4470922206216297,0.17640529068053784
frame_000001,images/frame_000001.png,train,-0.3684057415052618,-0.10344930740510287,0.04341210554894012,0,0,0,1,0,0.3323242002485931,0.6311246147568186,0.03906069404022133
frame_000002,images/frame_000002.png,train,0.40213132037412813,0.32920024470566844,0.176451842118106,1,1,0,0,0,-0.5200561603462972,0.07781559118383721,0.8325941579712763
frame_000003,images/frame_000003.png,train,0.3710512283809833,-0.575280835787036,0.034598413925463416,0,0,0,0,0,0.05466158003174042,0.6336803094498912,0.036917226307610664
frame_000004,images/frame_000004.png,train,0.08161078191130369,0.6102457864056999,0.015578307360435027,0,1,0,0,0,-0.34848402687580765,0.5182254360415869,0.14196919273596875
frame_000005,images/frame_000005.png,train,-0.4423046019708678,-0.2500403645856548,0.16823462746094062,0,0,1,0,0,0.4540991783590235,0.4126569599944972,0.08399906124184717
frame_000006,images/frame_000006.png,train,-0.565739262490714,0.5958003374190397,0.20492800293678518,0,0,0,1,0,0.11113199423046095,0.5351273464739823,0.08227397292817415
frame_000007,images/frame_000007.png,train,-0.004327204153393144,-0.20510395739630463,0.13511587379869539,0,0,0,0,0,0.06765985296048771,0.671844003339778,0.05597797196853074
frame_000008,images/frame_000008.png,train,0.08638270801107124,-0.31131825911672667,0.4528244910005558,0,0,0,0,0,0.14609758095027414,0.5442348865475912,0.13608259709631498
frame_000009,images/frame_000009.png,train,-0.35576839287029816,-0.27674368681843925,0.0569707494555304,0,1,0,0,0,0.40704051169864663,0.44890655911650473,0.1566210401508963
frame_000010,images/frame_000010.png,train,0.3831249577878775,0.13500329756214402,0.08718521394625642,0,1,0,0,0,-0.4167168788951878,0.43286018356123473,0.16455193238327762
frame_000011,images/frame_000011.png,train,0.0666566191444962,-0.7290222440059144,0.040842995901905585,0,0,0,0,0,0.34304118892396274,0.6923736276054338,0.03359556888998453
frame_000012,images/frame_000012.png,train,0.2965925375988449,0.2614388050263172,0.16245962894711408,0,0,0,0,0,-0.24736796993347165,0.6038206223487411,0.0674354685804658
frame_000013,images/frame_000013.png,train,-0.04392564528634691,0.25020534653449006,0.1860679198376183,0,0,0,0,0,-0.09417853650935572,0.6460910989995642,0.06924765444431089
frame_000014,images/frame_000014.png,train,0.7300723577637366,0.42890517414880197,0.07630982156269912,1,0,0,0,0,-0.7754953071821938,0.2272770909003079,0.6986059934717692
frame_000015,images/frame_000015.png,train,-0.3983007918505646,-0.28306346743155436,0.055667171487882375,0,0,0,0,0,0.48197657007434025,0.6208563316091282,0.04257827119860386
frame_000016,images/frame_000016.png,train,-0.21710506248259334,-0.16258668030750809,0.45109639648300137,0,0,1,0,0,0.287212320051805,0.3586952487344308,0.15054558732750584
frame_000017,images/frame_000017.png,train,1.0,-0.12744690357982844,0.07053437957300904,0,1,0,0,0,-0.7246697659785983,0.31531296714944684,0.17029252613410625
frame_000018,images/frame_000018.png,train,-0.11694316289609255,0.1505620007407221,0.20642573827871796,0,1,0,0,0,0.017924404501068792,0.44436235902323024,0.18986467369945956
frame_000019,images/frame_000019.png,train,-0.15702984257575367,-0.23984751939211107,0.19119096620850012,0,0,0,0,0,0.3881370633601752,0.6216771933118742,0.07232783710092008
frame_000020,images/frame_000020.png,train,-0.22302063227174057,0.6463159870880513,0.36233494344150047,0,0,0,0,0,-0.20186661715325382,0.5485786433411267,0.11582739608983997
frame_000021,images/frame_000021.png,train,0.08555685427466776,0.340462869948389,0.019331698205081745,0,0,0,1,0,-0.31618599865279895,0.6961225347732878,0.02856317082325497
frame_000022,images/frame_000022.png,train,-0.2998853992493622,-0.13309021134775922,0.10009920978457709,1,0,0,0,0,0.33346517346292154,0.3049881967255256,0.6976227704145649
frame_000023,images/frame_000023.png,train,-0.8016715616334529,0.28873868499012517,0.010155622158531859,0,0,0,0,0,0.48374091893348714,0.5561112199178232,0.03774533928145115
frame_000024,images/frame_000024.png,train,-0.3419067596891376,-0.43502613278970054,0.043085507475648765,0,0,0,0,0,0.5524700933041669,0.6365387204456954,0.0385557140089871
frame_000025,images/frame_000025.png,train,0.0538799022117565,-0.2466595250659943,0.13694886043540333,0,0,0,0,0,0.11251989553028278,0.6612919184052575,0.05722539582336814
frame_000026,images/frame_000026.png,train,-0.13479853396769198,-0.039279483414934244,0.04060832519027892,0,0,0,0,0,0.153163408118519,0.6788273793898639,0.03462764119067225
frame_000027,images/frame_000027.png,train,-0.04606916329214878,0.10885344360761989,0.10028163490225772,0,1,0,0,0,-0.032877182232163946,0.4956875951257799,0.1624069520684343
frame_000028,images/frame_000028.png,train,-0.17461414852060841,0.8463748183094731,0.10903840368985579,1,0,0,0,0,-0.36422788346339496,0.32691372900442883,0.697835350491414
frame_000029,images/frame_000029.png,train,-0.8218288147060734,-0.03833003188086249,0.324377402362075,1,0,0,0,0,0.6053064743969085,0.12210214623205898,0.7615948568210917
frame_000030,images/frame_000030.png,train,0.3488162453982881,-0.2104856859482106,0.36552311053526854,0,0,0,0,0,-0.17425133666740558,0.5223036622329984,0.11863079133911922
frame_000031,images/frame_000031.png,train,-0.1585009425056181,-0.10463132350484332,0.1638416848607627,0,0,0,0,0,0.20844820059106783,0.6309552217976093,0.06556875292555904
frame_000032,images/frame_000032.png,train,-0.3809607397740055,-0.4533626614443118,0.22338976105647732,0,1,0,0,0,0.5571681858027078,0.38562143567543183,0.19829603257839049
frame_000033,images/frame_000033.png,train,0.7802569868568543,0.07994299155915163,0.23706348115078701,0,0,1,0,1,-0.5717924669579482,0.3209763842258536,0.10647585511510486
frame_000034,images/frame_000034.png,train,0.2486903539712011,-0.232272904122087,0.062490178460468705,0,0,0,0,0,-0.08845669486772853,0.6483903667445957,0.04187660992173546
frame_000035,images/frame_000035.png,train,0.18803671917134038,0.2582160445691283,0.04568541714793399,0,0,0,0,0,-0.3065446733322701,0.6664027601639549,0.03673857095942908
frame_000036,images/frame_000036.png,train,-0.11938421871440419,0.23816047443621732,0.0952249513335452,0,1,0,0,0,-0.030929217400500357,0.4827944232903783,0.1623259354301497
frame_000037,images/frame_000037.png,train,-0.35483026072306495,-0.25076748084583456,0.1024403060798209,0,0,0,0,0,0.394947881028963,0.6131798407274497,0.05348248007936462
frame_000038,images/frame_000038.png,train,0.06467449805130368,-0.4369280672764318,0.1427609032458614,0,0,0,0,0,0.1370146048645297,0.6570987842536877,0.058839495973794495
frame_000039,images/frame_000039.png,train,-0.8592144226647342,0.16536657335870525,0.05153262861145306,0,0,0,0,0,0.5284699284172398,0.5301206954530446,0.04892752265827611
frame_000040,images/frame_000040.png,train,0.9900163485135082,0.48966526848143255,0.14870442577092063,0,1,0,0,0,-1.0,0.2899501812774761,0.18951895916740447
frame_000041,images/frame_000041.png,train,-0.0555378892498882,0.10813204702461697,0.07000047669476585,0,1,0,0,0,0.006494837649734051,0.5043922553068544,0.15504872444830012
frame_000042,images/frame_000042.png,train,0.6548026341865282,0.050720672708856385,0.5315901790575566,1,0,0,0,0,-0.5101115137096529,0.08298291049254955,0.8103112065532585
frame_000043,images/frame_000043.png,train,0.11501215318307254,-0.14139157039802372,0.3655223151567292,0,1,0,0,0,-0.02905699848793402,0.3890647590585302,0.229289728609798
frame_000044,images/frame_000044.png,train,0.38081727888891753,-0.03461452753863677,0.09500446357386173,0,0,1,1,0,-0.2810717121523892,0.4505849819713649,0.0648541834285404
frame_000045,images/frame_000045.png,train,-0.18530724783356986,-0.023004415046361065,0.3151213047939184,1,0,0,0,0,0.18794295287200433,0.2526460937554146,0.7491149995542289
frame_000046,images/frame_000046.png,train,-0.19268641336044728,0.3262261992541975,0.038153431976601024,0,0,0,0,0,-0.0943714127291358,0.6681090161361002,0.03494503374396421
frame_000047,images/frame_000047.png,train,-0.09268946649728049,-0.8002392024454091,0.11888796145555003,0,0,1,0,0,0.4657837423498044,0.49985132019110134,0.0661672459049329
frame_000048,images/frame_000048.png,train,-0.06311444817815404,-1.0,0.05368703244205185,1,0,1,0,0,0.5912784873954772,0.20858664900965096,0.6951242152164793
frame_000049,images/frame_000049.png,train,-0.3210987248861185,-0.5221201112796171,0.2666554016272402,0,0,0,0,0,0.5180610507039031,0.5624508644532422,0.09366811920173347
frame_000050,images/frame_000050.png,train,0.09797150466765156,0.4869550451319935,0.037361086722733076,0,0,0,0,0,-0.39045966935604204,0.6873293187135131,0.033233093581920226
frame_000051,images/frame_000051.png,train,-0.28387860859034186,-0.026319857891192525,0.20041953438756036,0,0,0,0,0,0.2472781270906895,0.5930774412462856,0.07664610226556043
frame_000052,images/frame_000052.png,train,0.3628813434848714,0.2197823114001995,0.06011710196394262,0,0,0,0,0,-0.45840626196331175,0.6263827456156458,0.04311514278281571
frame_000053,images/frame_000053.png,train,-0.236183058072218,-0.2701471547345242,0.16894281107358555,1,0,1,1,0,0.3003891369640361,0.13363340450980143,0.7264767460754047
frame_000054,images/frame_000054.png,train,0.24862902073999646,0.21527434705291784,0.13895780548554756,0,0,0,0,0,-0.3005493058522617,0.621638963932059,0.060839600092255745
frame_000055,images/frame_000055.png,train,0.08096105631357618,0.0953477528634231,0.23126292587003408,0,0,0,0,0,-0.09957681646089218,0.6228657646827729,0.08104858251678568
frame_000056,images/frame_000056.png,train,0.11645438395084311,0.3551106456225537,0.4712216838858616,0,0,1,0,0,-0.3402230031076042,0.37178153384977974,0.15392624774690716
frame_000057,images/frame_000057.png,train,-0.18446185829052,-0.01662409637522858,0.03981555742094893,0,0,0,0,0,0.1606232626142362,0.6691721832445638,0.03522564797304365
frame_000058,images/frame_000058.png,train,-0.42747510607067,0.089302863386487,0.14369830685175644,0,0,0,0,0,0.2933029846741723,0.5842105713877512,0.06487678179636631
frame_000059,images/frame_000059.png,train,0.05106899802071322,0.4251457090084953,0.6117114127676738,0,0,1,0,0,-0.3159690186869058,0.3356872059271715,0.1877215343347145
frame_000060,images/frame_000060.png,train,0.738704734603206,-0.07596431394306913,0.06781804661973619,0,0,0,0,0,-0.5326578658464708,0.5485227367624511,0.05103815131534588
frame_000061,images/frame_000061.png,train,0.25078310064115056,0.5466082289806726,0.06721888494059008,0,1,0,0,0,-0.48712976620236426,0.4663167701425634,0.15748281307552475
frame_000062,images/frame_000062.png,train,0.7895127414642584,0.25059386682395496,0.019863384829130203,0,0,0,0,0,-0.7284750681727317,0.5551452670169528,0.03995832330105242
frame_000063,images/frame_000063.png,train,-0.208766987381264,-0.2836842915757809,0.11914252441291191,0,0,0,0,0,0.3033604868825511,0.636546718979228,0.05528761785250238
frame_000064,images/frame_000064.png,train,-0.2858796890155563,0.4570949057053331,0.0336811578937958,0,0,0,1,0,-0.04213144037119246,0.6510356569340602,0.03532700218191027
frame_000065,images/frame_000065.png,train,-0.20865263786007027,0.4004179195992999,0.26302319667537066,0,0,1,0,0,-0.10381709711263155,0.4262113535916062,0.10376819498125303
frame_000066,images/frame_000066.png,train,-0.5364162436124705,0.3393891669225151,0.20206940025062387,0,0,0,0,0,0.22741248652063825,0.5419924611897875,0.08109587115995426
frame_000067,images/frame_000067.png,train,-0.90672503560361,0.11468928640536279,0.050875665828910704,1,0,1,0,0,0.5813584604304279,0.040848509839159226,0.7079247656952277
frame_000068,images/frame_000068.png,train,0.09642574241295035,0.1967343201021924,0.2261301110160993,0,0,1,0,0,-0.20350965584481598,0.4615693126617751,0.09282307941059983
frame_000069,images/frame_000069.png,train,-0.5080698946773683,-0.3131891804775595,0.05306998559119345,0,0,0,0,0,0.5456519846139498,0.5998115261076087,0.04369047474145387
frame_000070,images/frame_000070.png,train,-0.7443773196705649,-0.2028178604766804,0.4893016859495313,0,0,0,0,0,0.7057592748531712,0.39986894598355105,0.1556568552302128
frame_000071,images/frame_000071.png,train,0.803654508762362,0.14811271520910382,0.2130776108266693,0,1,0,0,0,-0.7164368115088526,0.3046919344581933,0.20250171962521177
frame_000072,images/frame_000072.png,train,0.14473996417883808,-0.003972697543992144,0.12078975150411335,0,0,0,0,0,-0.1010116338713435,0.6487755941377926,0.05467169779988153
frame_000073,images/frame_000073.png,train,-0.9016345184540058,-0.6557104875956407,0.0075690407425522905,0,0,0,0,0,1.0,0.5370239320493055,0.03870327439941706
frame_000074,images/frame_000074.png,train,0.13705322616486182,-0.14654975858355207,0.3651611159763126,0,1,0,0,0,-0.04472279496508491,0.3847829641753183,0.22955280838076336
frame_000075,images/frame_000075.png,train,-0.3933215818389244,-0.6212719855213148,0.15587960932932104,0,0,1,0,0,0.6311736302127033,0.42677782036695266,0.08015128842309444
frame_000076,images/frame_000076.png,train,-0.39746935166415254,-0.488906492469182,0.024911991501945452,0,0,0,0,0,0.5743153921985711,0.6317869326414886,0.03493768351910891
frame_000077,images/frame_000077.png,train,-0.6241857823703046,-0.04479942942676587,0.274685259392139,0,0,0,0,0,0.5422186613674118,0.49902300273869044,0.10050891684717536
frame_000078,images/frame_000078.png,train,-0.3319965697310961,-0.15851181523875096,0.06899395613217207,0,0,0,0,1,0.4129714333920035,0.6294528014075205,0.044822446236476216
frame_000079,images/frame_000079.png,train,0.1785309187533747,0.21997937949952945,0.3042378698696526,0,0,0,0,0,-0.27849389443608863,0.5778105617949466,0.10070748642772785
frame_000080,images/frame_000080.png,train,0.11109561684930343,-0.1726326038064346,0.13364038662011962,0,0,0,1,0,0.04345752047385003,0.6510067413130974,0.05732034575137852
frame_000081,images/frame_000081.png,train,0.17762653500468265,-0.5505360400660312,0.21100737117939813,0,1,0,0,0,0.17914819087130152,0.4306221130862742,0.19197185261256564
frame_000082,images/frame_000082.png,train,0.7216430272612575,0.3478567519339977,0.11264002684887407,0,0,0,0,0,-0.8029302822751959,0.5362473851506426,0.06188101509470089
frame_000083,images/frame_000083.png,train,0.28055933261410576,-0.2695291288580569,0.11199448369671162,0,1,0,0,0,-0.10232840706865448,0.44469006418332974,0.16906358127861018
frame_000084,images/frame_000084.png,train,-0.0432610116819608,0.15800854451925112,0.13541988306825653,0,0,1,0,0,-0.10240792982692193,0.503950838589718,0.069476307187839
frame_000085,images/frame_000085.png,train,0.24548050467888796,-0.5184233852515485,0.3221435294664838,0,1,0,0,0,0.15144537145917641,0.3781536637509531,0.22061928338255024
frame_000086,images/frame_000086.png,train,0.04083475967348538,0.1594298998082097,0.5579745433878007,0,0,0,0,0,-0.17994646575146742,0.5165419578795727,0.16143104291495033
frame_000087,images/frame_000087.png,train,0.49602451617190435,0.1334678165367744,0.17178737641278963,0,0,0,0,0,-0.4747850328148358,0.5606695150211427,0.0729396616091223
frame_000088,images/frame_000088.png,train,0.6018814537759553,0.22876049408798965,0.05932531388161744,0,1,0,1,0,-0.5840624696196267,0.3988598493862428,0.1611427811030564
frame_000089,images/frame_000089.png,train,0.06674198925546004,0.608346479215847,0.07897051245736426,0,0,0,0,0,-0.42689084056056026,0.6790119227888305,0.0430525589175137
frame_000090,images/frame_000090.png,train,-0.38676156645318327,0.22720034976915013,0.22734185502245619,0,0,0,0,0,0.17824884466215754,0.5630780374515036,0.08496896510882007
frame_000091,images/frame_000091.png,train,-0.23723093290853503,0.014946508507157945,0.21749849703025737,0,0,0,1,0,0.24039291519264946,0.5964293394577029,0.08013532219004038
frame_000092,images/frame_000092.png,train,0.23763387875893788,0.13773922347244366,0.13530215776946944,0,0,0,0,0,-0.3103365696928729,0.6251174690288981,0.05975707718697142
frame_000093,images/frame_000093.png,train,0.10282750116756185,-0.23977397144427162,0.09407100336659524,0,0,0,1,0,0.06800015539351394,0.6665096485881793,0.047374848853596614
frame_000094,images/frame_000094.png,train,-0.15928668431089335,-0.20935366855733073,0.23095789435539288,0,0,0,0,0,0.18446444860534586,0.6073074001134339,0.08222614474911173
frame_000095,images/frame_000095.png,train,0.022301719535468893,0.13256312266480522,0.20145268334252794,1,0,0,0,0,-0.09256380242429342,0.3250312169230214,0.7183170929815144
frame_000096,images/frame_000096.png,train,-0.10180180485345908,-0.16042377960124746,0.03262516076863824,0,0,0,0,0,0.11704903536685589,0.6882208327602848,0.03211986874827763
frame_000097,images/frame_000097.png,train,-0.9381229157896097,0.7560296395560692,0.36223308688818023,0,0,0,1,0,0.29392899601592404,0.40559383643121494,0.12724377220090247
frame_000098,images/frame_000098.png,train,-0.09792475992970037,0.06490397686457706,0.09932336633319452,1,0,0,0,0,0.004286098003427052,0.3456518697974418,0.6941989910095074
frame_000099,images/frame_000099.png,train,0.061098572018269494,0.23358096662718994,0.2574885764134763,0,0,0,0,0,-0.1593152071870016,0.6176592838516294,0.08723474410283444
frame_000100,images/frame_000100.png,train,-0.03258256095680231,0.07855025084726254,0.20781287663713904,0,0,0,0,0,-0.01911987801992666,0.6407489809856408,0.07445891438131934
frame_000101,images/frame_000101.png,train,0.4066905479483168,0.20510912973428733,0.21301564906144788,0,0,0,0,0,-0.3637691090618854,0.5641064132388298,0.08173492973441213
frame_000102,images/frame_000102.png,train,0.1007354736366875,-0.1439348110533022,0.16580534038821557,0,0,0,0,0,0.027894520366438455,0.6418210361367871,0.06513149199446447
frame_000103,images/frame_000103.png,train,0.4516327169220405,-0.42049891768196396,0.2637777437416833,0,0,0,0,0,-0.11827805121188233,0.5373512463060028,0.09504300391869011
frame_000104,images/frame_000104.png,train,0.3180311290525722,0.6690284039850325,0.03769268259750132,0,0,0,0,0,-0.6115307750622031,0.64320133528036,0.03683628334902149
frame_000105,images/frame_000105.png,train,0.026825971642202198,-0.45056175952564304,0.01189454703935361,0,0,0,0,0,0.24431981443286474,0.7104717142077858,0.025779063212034936
frame_000106,images/frame_000106.png,train,0.1431550709422103,-0.12322716155973522,0.04457294868483827,0,0,0,0,0,-0.01115196568728024,0.6757684537718646,0.03574457240891525
frame_000107,images/frame_000107.png,train,0.8923008285613352,0.3686152167112927,0.06226301217806243,0,0,0,0,0,-0.954144301297188,0.519747780025411,0.052118040277140856
frame_000108,images/frame_000108.png,train,-0.3842139324793835,0.46495746454667425,0.39047335241651027,0,1,0,0,0,0.02499389813297749,0.3264915401583447,0.23978481431896465
frame_000109,images/frame_000109.png,train,0.40828515687379113,-0.6538670592105391,0.0317472597811705,0,1,1,1,0,-0.050203349952883,0.28723142770183213,0.16400588293571094
frame_000110,images/frame_000110.png,train,0.05116510674873084,0.48476171108708505,0.24103394212652243,0,1,0,0,0,-0.3722821679879402,0.4454050989059711,0.19739505935535726
frame_000111,images/frame_000111.png,train,0.04399317854035536,-0.2013659012675947,0.15937420298147723,0,0,0,0,0,0.13325379037436472,0.655420393248412,0.06262869319605203
frame_000112,images/frame_000112.png,train,0.5329339385842244,-0.3432220394933277,0.0895047408305758,0,0,0,0,0,-0.221999563763638,0.5820865529924535,0.0531241187433304
frame_000113,images/frame_000113.png,train,0.02460169899447924,-0.09022840333654682,0.0633080244798755,0,0,0,0,0,0.01937245897712335,0.6929218516331477,0.0384940172549208
frame_000114,images/frame_000114.png,train,0.810547532998133,-0.2638890204960105,0.05766688357464551,0,0,0,0,0,-0.49021286133722486,0.5377070841492474,0.049670147654482216
frame_000115,images/frame_000115.png,train,0.1179810069574427,0.2155836981655944,0.11651525171184637,0,0,0,0,0,-0.24521180978778429,0.6556234605093652,0.05318347853585699
frame_000116,images/frame_000116.png,train,0.24687247601529724,-0.22804804045387558,0.02026844312856867,0,0,0,0,1,-0.1260477393976857,0.6635315497019415,0.03137653351212979
frame_000117,images/frame_000117.png,train,0.545648723588773,-0.41506784280615844,0.35482121877390177,0,0,1,0,0,-0.20489616503049346,0.3266828287113797,0.131926041833348
frame_000118,images/frame_000118.png,train,-0.22548139604804124,-0.6052433397878023,0.040773188385751426,0,0,0,0,0,0.5030942516307868,0.6606331048553787,0.03611945305643502
frame_000119,images/frame_000119.png,train,-0.3875305973097655,-0.30839793034299945,0.09646761405732453,0,0,0,0,0,0.4119219884027394,0.6087302156179834,0.05252445784317272
frame_000120,images/frame_000120.png,train,0.16044725050012157,0.12113085452490455,0.12206894264131404,0,1,0,0,0,-0.17491529364482258,0.46518641997551574,0.16964025378304787
frame_000121,images/frame_000121.png,train,-0.5750150163817082,0.6827330342457144,0.12154905703047472,1,0,0,0,0,0.05815069870110225,0.2424548267629922,0.7073444064056651
frame_000122,images/frame_000122.png,train,0.6843823686974275,-0.17414801619716513,0.4791344888775759,1,1,0,0,0,-0.4762883157039711,0.0,0.9054095875530667
frame_000123,images/frame_000123.png,train,0.4814797623498776,-0.10611558252933992,0.5530787226812326,0,0,0,0,0,-0.3128078642220573,0.430126494591593,0.16726719942254373
frame_000124,images/frame_000124.png,train,0.2503037728192658,0.2131833005350424,0.10577697522073093,1,1,0,0,0,-0.2869654129397701,0.13291730410889097,0.8126375502198494
frame_000125,images/frame_000125.png,train,-0.09943347232545745,0.3186210270242,0.17897332215143893,0,0,0,1,0,-0.07683504197484138,0.6374726427819049,0.06837631945076418
frame_000126,images/frame_000126.png,train,-0.9326945752015238,-0.5827925508779565,0.06172291279174413,1,1,0,0,0,0.9876666994945247,0.011858065482584796,0.8126303955755768
frame_000127,images/frame_000127.png,train,-0.1750669541147326,-0.5605551348920005,0.10844171798578592,0,0,0,0,0,0.36279705634192383,0.6470320078820284,0.052094617326310634
frame_000128,images/frame_000128.png,train,0.7602466371191026,-0.4409083942587137,0.34423632188242936,0,0,0,0,0,-0.33492329169214446,0.44746795991732924,0.11993455402074812
frame_000129,images/frame_000129.png,train,-0.03151060668737277,0.08017286698413656,0.22982498671189563,0,0,0,0,0,0.013644933333499507,0.6332591333133619,0.07990076641154809
frame_000130,images/frame_000130.png,train,-0.4365732494667511,0.3404799766839893,0.24781599774170454,0,0,0,0,0,0.13891999833579133,0.5459497508970531,0.09084353943141076
frame_000131,images/frame_000131.png,train,1.0,-0.182223905674503,0.045797460551323235,0,1,0,0,0,-0.733252356329855,0.3239708888070369,0.16415777021672817
frame_000132,images/frame_000132.png,train,-0.6066555494264843,0.42512817239103495,0.248598682415977,0,0,1,0,0,0.22790091506535015,0.3516593512691112,0.10655896202998603
frame_000133,images/frame_000133.png,train,-0.2649636357579857,0.33141392972616707,0.1715412325735018,0,0,0,0,0,-0.00806013232026831,0.6069678414476772,0.06918164385035622
frame_000134,images/frame_000134.png,train,0.3851151423432492,0.507539120012504,0.07336879508602642,0,0,0,0,0,-0.5768292406489011,0.6172978932512408,0.046757303458826546
frame_000135,images/frame_000135.png,train,0.24279642016430003,0.21874462635993458,0.04374769354222552,0,0,0,0,0,-0.26654873803113294,0.656129023227361,0.037134170721100736
frame_000136,images/frame_000136.png,train,-0.6715157618958146,-0.39205212711655346,0.16583359825226826,0,0,1,0,0,0.7205250270792538,0.36765508823254317,0.08707098455689556
frame_000137,images/frame_000137.png,train,-0.001905024106228392,-0.3234729404702526,0.22046115497141097,0,0,0,0,0,0.18055659506128344,0.6424575909387604,0.07710484681860957
frame_000138,images/frame_000138.png,train,1.0,-0.37195966604342534,0.11814023978033669,0,0,0,0,0,-0.6578533354068128,0.47865091607688215,0.06769877946552351
frame_000139,images/frame_000139.png,train,-0.11363410199161844,-0.4473307369189998,0.2238138728311065,1,0,0,0,0,0.3382831554331549,0.29893832411078897,0.7253239860939802
frame_000140,images/frame_000140.png,train,0.9349749765629279,0.15868609343702636,0.18102286842990406,0,0,0,0,0,-0.8098894863612236,0.469647000736948,0.08225327099562305
frame_000141,images/frame_000141.png,train,-0.68651448539811,0.25483204714773633,0.3377166885336096,0,0,0,0,0,0.3724367205785983,0.46449626193361465,0.11713797052270492
frame_000142,images/frame_000142.png,train,0.028883173744383057,0.31852506195986496,0.10937016471672326,0,0,0,0,0,-0.20577168642524635,0.6759438076002703,0.0499859316296575
frame_000143,images/frame_000143.png,train,-0.5560638225092837,0.2862845830879197,0.37782204845422374,0,0,0,0,0,0.2259156432359651,0.4765495185391649,0.12499688917679602
frame_000144,images/frame_000144.png,train,0.4043569717070926,-0.42752820231256444,0.4575104959159223,0,0,0,0,0,-0.058582226093055884,0.4789999320880086,0.14233231453446224
frame_000145,images/frame_000145.png,train,0.09501755039848674,0.5449900193119589,0.23337930451028574,0,0,0,0,0,-0.339708587359628,0.6193137333417026,0.08179834832492665
frame_000146,images/frame_000146.png,train,-0.034902843754758606,-0.4265431410114671,0.22491741271879884,0,0,0,1,0,0.23918925467440827,0.6342983367974686,0.07873796385433826
frame_000147,images/frame_000147.png,train,-0.7496357380787269,-0.004290943567040109,0.1391282910268168,0,0,0,0,0,0.5980618354339634,0.5213779505248688,0.0688979879839102
frame_000148,images/frame_000148.png,train,0.2025521610039351,0.0486984645753389,0.24001041768550294,0,0,0,0,0,-0.19005726363424527,0.5954859216092869,0.08516341816206771
frame_000149,images/frame_000149.png,train,0.5135902688104041,-0.06645410880448972,0.30329303878242353,0,1,0,0,0,-0.3351885281055416,0.3311293826640709,0.2202341179190075
frame_000150,images/frame_000150.png,train,-0.39045760907337795,0.2295068854975321,0.07915872993314774,0,1,0,0,0,0.11601094552285116,0.4342029227087227,0.16267868676859468
frame_000151,images/frame_000151.png,train,-0.048993715081906225,0.379941167153849,0.3774701155558586,0,0,0,0,0,-0.18710791946608782,0.5780867165390682,0.11679648809916343
frame_000152,images/frame_000152.png,train,-0.2646558789388279,0.2873592013897788,0.074514119057373,0,0,0,0,0,0.0288654125197423,0.6409888825421538,0.04511399558924976
frame_000153,images/frame_000153.png,train,0.12907533975606605,-0.7230862188625289,0.2627076403423721,0,0,0,0,0,0.2892707734235979,0.6022372579289565,0.08961670024100532
frame_000154,images/frame_000154.png,train,-1.0,-0.11617036843514247,0.3350999640148927,0,0,0,0,0,0.8530305638077529,0.4027150125947876,0.12150479107569341
frame_000155,images/frame_000155.png,train,-0.14094206346107324,-0.5746996770718231,0.10130140393302686,0,0,0,0,0,0.4666770501693128,0.656356095931226,0.049777821190767825
frame_000156,images/frame_000156.png,train,0.06887563541810605,0.028849679144808526,0.1391264461430695,0,0,0,0,0,-0.035206248075574306,0.6575306167663045,0.058005368810170925
frame_000157,images/frame_000157.png,train,0.029702860702139573,-0.1384465411785901,0.06877573355278543,0,0,0,0,0,0.06690891909117377,0.6899879211160972,0.03993162769232503
frame_000158,images/frame_000158.png,train,0.22453640133238392,-0.9105658458402054,0.18172676471271884,0,0,1,0,0,0.26847335294970387,0.4514883520840715,0.08386082007007242
frame_000159,images/frame_000159.png,train,-0.37279485532835155,0.4941881009593554,0.18877898247376518,0,0,0,0,0,0.026157799162909483,0.5793683850685118,0.0751819053387474
frame_000160,images/frame_000160.png,train,0.6103351438544106,-0.6674460515548667,0.2628839990842631,0,0,0,0,0,-0.10360487345789937,0.5059235715496258,0.09736059407456782
frame_000161,images/frame_000161.png,train,-0.05933390473773014,0.15056729977563046,0.13710623603498814,0,0,0,0,0,-0.058204854061980095,0.6601460364402081,0.05735168901248075
frame_000162,images/frame_000162.png,train,0.14426332261126446,0.532506508125945,0.09157626469903811,0,0,0,0,0,-0.3934236892668338,0.6590956428330838,0.04741912680714168
frame_000163,images/frame_000163.png,train,-0.06776467727342612,0.05380067612064119,0.33919571478043536,0,0,0,0,0,0.0294586703543465,0.5877285643721624,0.10760477210192279
frame_000164,images/frame_000164.png,train,0.03309660625879607,0.41138012994337836,0.05318410946141621,0,0,0,0,0,-0.24830844021191073,0.6947662404367451,0.03611920484657196
frame_000165,images/frame_000165.png,train,0.19773939820721398,0.08785363754247168,0.18715383552994228,1,0,0,0,0,-0.27737879926143266,0.2949482779230774,0.717577981582741
frame_000166,images/frame_000166.png,train,-0.42672925643404125,-0.3199446453104036,0.0907349603160704,0,0,0,0,0,0.5649419309792735,0.6028969126025671,0.05172993826133013
frame_000167,images/frame_000167.png,train,-0.4611845336106528,-0.5396187529714938,0.5065129802181922,0,0,0,0,0,0.656419475371072,0.4504835502015021,0.1553941716318821
frame_000168,images/frame_000168.png,train,0.3270754757196854,-0.012582532405523539,0.5326209813012744,0,0,0,0,0,-0.24412096308023667,0.4681675614006169,0.15972321097423103
frame_000169,images/frame_000169.png,train,0.4895575208631831,0.45039237385812037,0.021682842462429863,0,0,0,0,0,-0.5731314354413027,0.6144995009655129,0.03561026526449355
frame_000170,images/frame_000170.png,train,-0.5293836398510327,0.021901054712533907,0.2155209814529251,1,0,0,0,0,0.41155644264268615,0.21869092852126965,0.7299193416379419
frame_000171,images/frame_000171.png,train,-0.43196002443772535,-0.37223198467678137,0.304845871278516,0,0,0,0,0,0.5366440776799747,0.5269119401649743,0.10491313646807557
frame_000172,images/frame_000172.png,train,-0.07491032027014537,-0.07533154908446105,0.04421238599920152,0,0,1,0,0,0.09298625942697163,0.5295436008462504,0.047363236852124305
frame_000173,images/frame_000173.png,train,0.6017337964221093,0.29167258730111156,0.05438250087478509,0,0,0,0,0,-0.6223010000614264,0.5806193654094034,0.04551460095970044
frame_000174,images/frame_000174.png,train,-0.12512098530208932,0.6689295024992342,0.08996467241797777,0,1,0,0,0,-0.30084581882372685,0.4834881675932899,0.16111317452449192
frame_000175,images/frame_000175.png,train,0.040316946610591854,0.6440796827180094,0.11584680949232203,1,0,0,0,0,-0.3982272970982847,0.3513902273555689,0.6973750798998652
frame_000176,images/frame_000176.png,train,0.7513744325027873,-0.15869350815796368,0.09293301706778541,0,0,0,0,0,-0.5193216187863464,0.5371985575257177,0.057469379152855375
frame_000177,images/frame_000177.png,train,-0.6166702880717853,-0.3051828766086902,0.07082989008839889,0,0,0,0,0,0.6432651786794357,0.5718754808547033,0.049832537351071494
frame_000178,images/frame_000178.png,train,-0.6339396212313854,0.013751593419595212,0.016807050577040378,0,0,1,0,0,0.4791658002605387,0.42732960805175874,0.04951118248280819
frame_000179,images/frame_000179.png,train,-0.17787280761727864,-0.16093307134173884,0.710726014173163,0,0,0,0,1,0.22162072810245534,0.43567133351593723,0.20150601643682087
frame_000180,images/frame_000180.png,train,-0.3837075392976981,-0.14750822378293213,0.12291137936773058,0,0,0,0,0,0.3439997805037084,0.6002395093617546,0.059021342711960356
frame_000181,images/frame_000181.png,train,-0.23553873480009735,-0.25294689962190636,0.1414577681028118,1,0,1,0,0,0.3768874911057174,0.1433820342039963,0.7196501462462989
frame_000182,images/frame_000182.png,train,0.5544494494742005,-0.13875930740141862,0.005396025629379683,0,0,0,0,0,-0.363782061472021,0.607221501134877,0.032609405547673366
frame_000183,images/frame_000183.png,train,-0.13791780742106702,0.253134871401245,0.12591580456559806,0,0,0,0,0,-0.012189312689424345,0.6483459069178272,0.055833804451005394
frame_000184,images/frame_000184.png,train,0.3879641964924503,0.13455368216182262,0.2586565664541016,0,0,0,0,0,-0.4158541697167256,0.5518773624425743,0.0927542556244964
frame_000185,images/frame_000185.png,train,-0.7030044839207502,0.30855502248677635,0.26162160175491583,0,1,0,0,0,0.38155038050608053,0.3078315426016293,0.21293022897795114
frame_000186,images/frame_000186.png,train,-0.17090575697215427,-0.09663424225256775,0.08179957494033469,0,0,0,0,0,0.2104138132674523,0.657188997376452,0.045420786696757476
frame_000187,images/frame_000187.png,train,-0.38139840278416454,-0.2512786948788945,0.02400558622562894,0,0,0,1,0,0.39925867729961495,0.635318364264197,0.03445575982850261
frame_000188,images/frame_000188.png,train,-0.530627389966777,0.08896048110709098,0.3887214624136311,0,0,0,0,0,0.35502345029246885,0.47782201016187376,0.12729296091804895
frame_000189,images/frame_000189.png,train,1.0,0.3835437832000373,0.3218429312770222,0,0,0,0,0,-0.9784880386322615,0.4073549740530423,0.1182170469567015
frame_000190,images/frame_000190.png,train,-0.3512003198457235,-0.5633929699260579,0.1187997713982357,0,0,0,0,0,0.5823478411792217,0.6081800160414728,0.057481548424294045
frame_000191,images/frame_000191.png,train,0.2284142731590336,-0.44455009874143275,0.498802318381345,0,0,0,0,0,0.036224455649960685,0.4997363339347225,0.1497576033291181
frame_000192,images/frame_000192.png,train,-0.1250706625878062,0.11635864720423093,0.07650107256435422,0,0,0,0,0,0.03939591605094071,0.6682104920849148,0.04337339659736475
frame_000193,images/frame_000193.png,train,0.12923408261988673,0.4054309706675748,0.27119408539115203,1,0,0,1,0,-0.33849549066025136,0.2792352535891194,0.7373238784989239
frame_000194,images/frame_000194.png,train,0.30138741561962873,0.25835099953994883,0.1809268422915069,0,0,0,0,0,-0.4662631635404581,0.5963981220740467,0.07209205553820777
frame_000195,images/frame_000195.png,train,0.20703682777137905,-0.17235553619866625,0.28133831674624593,0,0,0,0,0,-0.045421530283924025,0.5801242235845381,0.09548449179741104
frame_000196,images/frame_000196.png,train,-0.41434470759402214,0.025466548727987596,0.589306092621798,1,0,0,0,0,0.31406648687866634,0.11087392606356625,0.8207774262917102
frame_000197,images/frame_000197.png,train,-0.12621883080486687,0.2899379213291425,0.0820587466261531,0,0,0,0,0,-0.09890730397013596,0.6660356725198731,0.044770070456163845
frame_000198,images/frame_000198.png,train,0.16736611084007902,0.3528498219524719,0.2707567081828012,0,0,0,0,0,-0.3256118844641337,0.5917619299680037,0.09222552140277596
frame_000199,images/frame_000199.png,train,0.055296563727818,-0.030272226628454822,0.16744556058442103,0,0,0,0,0,-0.026533936551194452,0.650334741049889,0.06481124404458151
frame_000200,images/frame_000200.png,train,0.5459219655158974,0.15132190628909828,0.07118951930472663,0,1,0,0,0,-0.5165210609009703,0.40589927514016616,0.16318975223582657
frame_000201,images/frame_000201.png,train,0.4197127862937888,-0.11343236249927591,0.16165116053806855,0,0,0,0,0,-0.25230015005769213,0.5794795365529182,0.06920489239414163
frame_000202,images/frame_000202.png,train,0.09449854230698543,0.43784932034869245,0.09773995086595877,1,0,0,0,0,-0.277792661452372,0.3468913087355173,0.6937514844916696
frame_000203,images/frame_000203.png,train,-0.17277282960994345,0.3133717662906486,0.15053806993887306,0,0,0,0,0,-0.07255012273781218,0.6327571095994057,0.06249780661859962
frame_000204,images/frame_000204.png,train,-0.019342708591020778,-0.3265272789467363,0.5654169322463162,0,0,0,0,0,0.2111357053296337,0.5182355319955851,0.16293288253454274
frame_000205,images/frame_000205.png,train,-0.028908494054736753,-0.05064574519816181,0.3166484352857811,0,0,0,0,0,0.02953805156140286,0.6033913488390292,0.10139134785574952
frame_000206,images/frame_000206.png,train,0.13044645716785244,0.20976582835574906,0.1558052910052955,0,1,1,0,1,-0.21099439119923888,0.2993788567145759,0.19032685548399897
frame_000207,images/frame_000207.png,train,-0.2638283379347975,0.37680176746791305,0.15797925797294723,0,0,0,0,0,0.01388273029923992,0.611941592122509,0.06580010938424768
frame_000208,images/frame_000208.png,train,0.0143474195352655,-0.4551184538421951,0.1874109465288748,0,0,0,0,0,0.23822144352979793,0.6515366848078407,0.06910747345172519
frame_000209,images/frame_000209.png,train,0.24774798582980168,-0.09587755823883413,0.1126319548603977,1,0,0,0,0,-0.1111930556065929,0.31102921863290045,0.6998966925786554
frame_000210,images/frame_000210.png,train,0.24387323538484232,-0.25933065415910445,0.21688384107865147,0,0,0,0,0,-0.06979718479211651,0.5953160085455035,0.08008916435366306
frame_000211,images/frame_000211.png,train,0.040872606015506435,0.27490795109220223,0.6013914837168893,0,0,0,0,0,-0.20338933770167314,0.5013384594959874,0.17219904965803667
frame_000212,images/frame_000212.png,train,0.39580853984235753,-0.0393697185811119,0.21664172831357473,0,0,1,0,0,-0.28530119025758016,0.4050136871217772,0.09526008525924425
frame_000213,images/frame_000213.png,train,0.31146510765207824,-0.0375176120076897,0.0691379028101191,0,0,1,0,0,-0.17075832232058075,0.47350871248604265,0.057329641619342786
frame_000214,images/frame_000214.png,train,-0.14853227675807634,-0.0035510293859105104,0.10870465916830983,0,0,0,0,0,0.17378691928583528,0.6522469139394762,0.051735271901870064
frame_000215,images/frame_000215.png,train,0.38553979038369396,0.48880761329869804,0.24713613814349464,0,1,0,0,0,-0.5853944558790806,0.3763943935730381,0.20425839890572578
frame_000216,images/frame_000216.png,train,-0.2687434874792844,-0.09756617387781849,0.1415205510060802,0,0,0,0,0,0.3177050743066424,0.616719109652015,0.06179699244917644
frame_000217,images/frame_000217.png,train,-0.1315323083478828,0.45273519602401885,0.14544244759026603,0,0,0,0,0,-0.09513453994170377,0.6427886816738304,0.06057424393595209
frame_000218,images/frame_000218.png,train,-0.950038420490199,-0.37958546830187023,0.04345044965795851,0,0,1,0,0,0.9743668472002264,0.3547846585216747,0.0611763262430169
frame_000219,images/frame_000219.png,train,-0.37868699058802646,0.3264218358721448,0.11148480976119834,0,0,1,0,0,0.1344333785403036,0.44524291846597525,0.06890722467018562
frame_000220,images/frame_000220.png,train,-0.2362850553023255,0.19276958858635776,0.1085801296193519,1,0,0,0,0,0.02527926955398615,0.3147399435727617,0.6987084330304365
frame_000221,images/frame_000221.png,train,-0.07386753419585768,-0.05007220926203924,0.4364905906705612,0,0,0,1,0,0.08283089843166777,0.552454786426132,0.13183154703343292
frame_000222,images/frame_000222.png,train,0.8447252435694257,0.04168164046520343,0.07983430606764937,0,0,0,0,0,-0.7002728978182957,0.5231129441624376,0.05571451180188785
frame_000223,images/frame_000223.png,train,-0.39880930445913043,-0.28789052773361556,0.48731356272964765,0,0,0,0,0,0.49177225508732086,0.46967839215279716,0.1496347124282987
frame_000224,images/frame_000224.png,train,-0.05136602653494842,0.2154533154199101,0.01044843455280967,0,0,0,0,0,-0.09856338040960463,0.7060698425995269,0.025813068193655975
frame_000225,images/frame_000225.png,train,0.2805874850109596,0.22787604381190132,0.038477039458260864,0,0,0,0,0,-0.4043080843044897,0.6504155391874168,0.03643170554582405
frame_000226,images/frame_000226.png,train,0.11118034214049613,-0.11176941746588348,0.0554715604374101,0,0,0,0,0,-0.06594883673602284,0.6783488854188072,0.037935832462725645
frame_000227,images/frame_000227.png,train,-0.32964222463097825,0.16527918347926004,0.1318303964477151,0,0,0,0,0,0.1699664079276685,0.607930916317104,0.06036821391312899
frame_000228,images/frame_000228.png,train,-0.1376364412225696,0.13233695804626047,0.01221623394903903,0,0,1,0,0,0.10101150708463583,0.5281970298733224,0.0404318090789228
frame_000229,images/frame_000229.png,train,0.8945424500155869,0.3632885005306784,0.36436221672823266,1,0,0,0,0,-0.8801271401084261,0.09356473414200117,0.772674508948851
frame_000230,images/frame_000230.png,train,-0.1667210640872525,0.44429537045217016,0.2334301083093743,0,0,0,0,0,-0.15340985267337187,0.6049552492742685,0.08295820388612087
frame_000231,images/frame_000231.png,train,-0.05270704574675878,-0.22534868283863563,0.23315060573269458,0,0,0,0,0,0.16570527865302417,0.6278558788442051,0.08106466295365639
frame_000232,images/frame_000232.png,train,0.24925061843577284,0.46529254659302904,0.17812676109460118,0,0,0,0,0,-0.4057167213760979,0.607805509929735,0.07056344664643346
frame_000233,images/frame_000233.png,train,-0.6133831693125603,0.3031933369024542,0.029437789866909002,0,0,0,0,0,0.31343943514917433,0.5870201396840697,0.039514702595994405
frame_000234,images/frame_000234.png,train,-0.968771115870656,0.2705732087812575,0.0052225163979622985,0,0,0,0,0,0.6105205550965307,0.524417896086582,0.039195521920625156
frame_000235,images/frame_000235.png,train,-0.1689592429500617,-0.18563294712202769,0.025251490980006074,0,1,0,0,0,0.24531878922828476,0.4973701295669855,0.1457657176502425
frame_000236,images/frame_000236.png,train,-0.12435692694961163,0.24133516406393968,0.1613725936240339,0,0,0,0,0,0.03052626993940294,0.6386482068416658,0.06441011404995418
frame_000237,images/frame_000237.png,train,-0.10333185580037392,0.4164585079499823,0.12881853868521567,0,0,0,0,0,-0.17043692761079174,0.6542471403000998,0.056000307286739465
frame_000238,images/frame_000238.png,train,-0.06998858609456485,0.3243280502961225,0.30066025179044614,0,0,0,0,0,-0.13229266753574162,0.6007711946544309,0.0980835598215437
frame_000239,images/frame_000239.png,train,0.6810431205009565,-0.3383255616435817,0.061117903840620644,0,0,0,0,0,-0.3384016715801206,0.5624001095555915,0.048453930080489226
frame_000240,images/frame_000240.png,train,-0.9893706312987876,-0.4903324329758801,0.25847783544274866,0,0,0,0,0,1.0,0.43165863133528043,0.10233243329058227
frame_000241,images/frame_000241.png,train,0.06942591606443133,0.013614430171784184,0.03050343008396446,0,0,0,0,0,-0.043628540158988635,0.6954386162577262,0.03107566531785408
frame_000242,images/frame_000242.png,train,-0.04592996701670792,0.0010624626806850352,0.2274029609404186,0,0,0,0,0,0.14204013120231787,0.6312229702675118,0.07953081378549115
frame_000243,images/frame_000243.png,train,0.41406822437539725,0.6308658169317601,0.18534499989219858,0,1,0,0,0,-0.6501257168310685,0.392315605162651,0.18939065156327162
frame_000244,images/frame_000244.png,train,-0.46924853567571106,-0.09789500964805714,0.02762618918455233,0,0,0,0,0,0.41643149621599707,0.6164811266502644,0.03675927148858036
frame_000245,images/frame_000245.png,train,-0.46705789737967457,0.04173867515399816,0.09952540304614292,0,0,0,0,0,0.3849906577480866,0.5917545294579151,0.05455522631351824
frame_000246,images/frame_000246.png,train,-0.06361662894916074,-0.08848763640808562,0.036531267092704114,0,0,0,1,0,0.10424476738682623,0.6944907307277214,0.0324776203021772
frame_000247,images/frame_000247.png,train,-0.1772214813764741,-0.6849804345820604,0.1168973604591686,0,0,0,0,0,0.49890342740052634,0.6436416275639962,0.05422608909589739
frame_000248,images/frame_000248.png,train,0.01775484522868573,-0.05725874471832271,0.5335540098558756,0,0,0,0,0,-0.0024675076045323277,0.5297051275047063,0.15500547196791614
frame_000249,images/frame_000249.png,train,-0.05334747731533581,-0.09293703640897946,0.22350248166350808,0,1,0,0,0,0.15397427127091465,0.45110463595470496,0.19308217508959538
frame_000250,images/frame_000250.png,train,0.20672819943864543,0.2737784660559532,0.09361099343475378,0,0,0,0,0,-0.3084101409608846,0.6458905124101071,0.04892317756283726
frame_000251,images/frame_000251.png,train,-0.1722382003212681,0.4017106814928113,0.05523680860511314,1,0,1,0,0,-0.09001035035629082,0.18621947692395677,0.6972545397392083
frame_000252,images/frame_000252.png,train,0.6834061452235768,0.21552548953425849,0.11071167581675506,0,0,1,0,0,-0.5734247026553062,0.3845696844194203,0.0735909939261325
frame_000253,images/frame_000253.png,train,-0.12368169710988844,0.7518934798970657,0.18676076717929035,0,0,0,0,0,-0.3494184508591122,0.6298973920652706,0.07069557741422222
frame_000254,images/frame_000254.png,train,-0.17018463085562313,0.13074423993271075,0.15873583457752952,1,0,1,0,0,0.12854247931829613,0.15040553172673998,0.7228894410689173
frame_000255,images/frame_000255.png,train,-0.23032151266303286,-0.0758477386611513,0.10760351378326453,1,0,1,0,0,0.2535532340561902,0.15627446764325076,0.711170815620858
frame_000256,images/frame_000256.png,train,-0.42995305046526355,0.21403245564603854,0.639395251783929,0,0,0,0,0,0.20314178440231587,0.41022105178257207,0.18784927124985862
frame_000257,images/frame_000257.png,train,0.7957974165347745,-0.15597480755164675,0.09476086314703916,1,0,1,0,0,-0.5172053279257576,0.04767421459158131,0.7170334527250221
frame_000258,images/frame_000258.png,train,-0.19408562937472432,0.08029455038609964,0.38997896645732116,0,0,0,0,0,0.0767528157516913,0.5446902358649927,0.12222015375141126
frame_000259,images/frame_000259.png,train,-0.3956079613435176,0.2663302325209968,0.01177557877562657,0,0,0,0,0,0.14878940176353284,0.6367569551598271,0.03165007091785168
frame_000260,images/frame_000260.png,train,-0.5605836100367885,0.6668247234642899,0.023949141246173453,0,0,0,0,0,0.09090812551876928,0.5995010785564816,0.03730872478963963
frame_000261,images/frame_000261.png,train,0.3295574069375526,0.06169396000784705,0.1476252722775215,1,0,0,0,0,-0.2750318278352801,0.2824196733153569,0.7098839860358261
frame_000262,images/frame_000262.png,train,0.03262120832285387,-0.094505775523762,0.2233798636210385,0,0,0,0,0,0.026728511443673404,0.6352928060680657,0.0783201455111832
frame_000263,images/frame_000263.png,train,-0.18529413343260187,-0.6828200313869941,0.03196599995615573,0,0,1,0,1,0.5042618611793673,0.511753073328825,0.04609227412404825
frame_000264,images/frame_000264.png,train,0.2303792011571742,-0.030218842409928413,0.14232753241870388,0,0,0,0,0,-0.10953385176539057,0.6241095234220188,0.061383295258353364
frame_000265,images/frame_000265.png,train,0.45967182935027234,0.12077862601989087,0.10845524516131226,1,1,0,0,0,-0.47155184964292784,0.09010629832348624,0.8166516500696097
frame_000266,images/frame_000266.png,train,-0.20418492465075302,0.19111982630227142,0.206623349845374,0,1,0,0,0,0.04577994746028761,0.42684484262396843,0.19130954955606483
frame_000267,images/frame_000267.png,train,0.5510846351337406,-0.25203763844629723,0.18473615225960782,1,0,0,0,0,-0.3023019864076592,0.2251254196823891,0.7226319199225226
frame_000268,images/frame_000268.png,train,0.13642221254180578,-0.23113379107578,0.13440297542910057,0,0,1,0,0,0.012061555825380417,0.4856745160914536,0.07071469330708584
frame_000269,images/frame_000269.png,train,0.6635974939763554,-0.30233662594466376,0.0990793152325662,1,0,0,0,0,-0.35663586483832577,0.2326027408733307,0.7031892300812981
frame_000270,images/frame_000270.png,train,0.01093344155619081,-0.14439954158317653,0.048517880393717724,0,0,0,0,0,0.0938323307253596,0.7008320535509607,0.03460736940254104
frame_000271,images/frame_000271.png,train,0.058233148174864593,0.5814564334370848,0.34004070454948565,0,0,0,0,0,-0.36353290443369957,0.5893391237727071,0.10766182509907027
frame_000272,images/frame_000272.png,train,0.054918349069164187,0.3696764481533999,0.42785251697123605,0,0,0,0,0,-0.2718288658746262,0.5592679492462346,0.1293861177939732
frame_000273,images/frame_000273.png,train,0.3404361084750523,-0.5570662848402015,0.16023953356820464,0,0,0,0,0,0.07018153038835341,0.5958289415561179,0.06758638206051559
frame_000274,images/frame_000274.png,train,1.0,-0.39303330663002317,0.08112350951458978,0,0,0,0,0,-0.584433861623775,0.4916067716698936,0.05851863035961827
frame_000275,images/frame_000275.png,train,-0.09276901778124487,0.35323776716271527,0.2706192851682485,0,0,0,0,0,-0.06091681423427155,0.606729446634864,0.09099788700622556
frame_000276,images/frame_000276.png,train,0.10589353517803352,-0.4234512850747764,0.15233697937038213,0,0,0,0,0,0.18710761516048666,0.6455033501847596,0.06187386744670329
frame_000277,images/frame_000277.png,train,0.5853438638544093,0.018094019031751323,0.28098146579946276,1,0,0,0,0,-0.470316389762563,0.18458771419930609,0.7470489053399373
frame_000278,images/frame_000278.png,train,-0.47566541196005346,-0.008012619564158073,0.04429546541675348,1,0,0,0,0,0.3367696754031258,0.2893635047121256,0.6865959220147156
frame_000279,images/frame_000279.png,train,0.3624340646104105,-0.03277405643970455,0.22558500913299231,1,0,0,0,0,-0.26491100439113097,0.2485584338813705,0.7297440272987487
frame_000280,images/frame_000280.png,train,0.063499254457516,0.05728829241987921,0.10042361888906641,0,0,0,0,0,-0.0909550301510015,0.6721518824973236,0.048321045555808725
frame_000281,images/frame_000281.png,train,-0.6686816727332447,-0.449063441568289,0.026038716877771362,0,0,0,0,0,0.769382376928134,0.5771501145461311,0.039556508549419216
frame_000282,images/frame_000282.png,train,-0.4936497483663895,-0.46053874107149867,0.14903341054926825,0,0,0,1,0,0.6632424711686521,0.5691083566344782,0.06725868179008077
frame_000283,images/frame_000283.png,train,-0.33683646926114896,0.3421884854523177,0.09332679099090628,0,0,0,0,0,0.11793678022738008,0.6199683293009529,0.05093442767392316
frame_000284,images/frame_000284.png,train,0.9813718081009298,0.02835992120649514,0.3583555772067883,0,0,0,0,0,-0.8113598741875945,0.3983011863574381,0.1269741320768984
frame_000285,images/frame_000285.png,train,0.20707584163011272,-0.10235763763032664,0.07115671803958226,0,0,0,0,0,-0.1635670826022753,0.6536799803601236,0.043360079539898205
frame_000286,images/frame_000286.png,train,0.6964501215899019,-0.0716642424505249,0.08622607468527939,1,0,0,1,0,-0.5424401822963371,0.23053084954217176,0.7005272684673877
frame_000287,images/frame_000287.png,train,-0.2050605825431082,0.12575025615516658,0.07183327185555072,0,0,1,0,0,0.05271180322932934,0.49384623834193553,0.05629562074086631
frame_000288,images/frame_000288.png,train,-0.3281910847826375,0.053155419500963946,0.08482274603275429,0,0,0,1,0,0.23170975469498836,0.6246738219320085,0.048687098372645274
frame_000289,images/frame_000289.png,train,0.14595877625942616,-0.3848417936576269,0.3510931401173556,0,0,0,0,0,0.11014863802267233,0.5679256457070403,0.111806439169255
frame_000290,images/frame_000290.png,train,-0.6269329596678882,-0.32386975259525186,0.15791493999350656,1,0,0,1,0,0.6924435106496458,0.21934317906869497,0.7171938324730758
frame_000291,images/frame_000291.png,train,-0.3519825611406905,-0.03845254595560261,0.20465312746495018,0,0,0,1,0,0.3153291466997918,0.5779748931591293,0.07878569658955868
frame_000292,images/frame_000292.png,train,-0.5056926336279933,0.36267127852912573,0.11807190538710327,0,0,0,0,0,0.18605701054481072,0.5775363063889152,0.0597729146740495
frame_000293,images/frame_000293.png,train,-0.2774282430731072,0.2634622647280339,0.25714701608629914,0,0,0,0,0,0.021550694141477693,0.5745128957551738,0.09061131187857191
frame_000294,images/frame_000294.png,train,0.3767473511511703,-0.06862093349223633,0.29189164152775915,0,1,1,0,0,-0.26697235346679743,0.2024884552350502,0.228017084717303
frame_000295,images/frame_000295.png,train,0.182789624640119,0.45399475056352634,0.18539579955857186,0,0,0,0,0,-0.37664856249543827,0.6185535452264761,0.07130279228476773
frame_000296,images/frame_000296.png,train,0.8486167140726075,0.4980902822003521,0.12505761000229584,1,0,0,0,0,-0.9693510144982966,0.18650649368467492,0.712592154705731
frame_000297,images/frame_000297.png,train,-0.29740836106995305,-0.35387134789190133,0.10440443933506098,0,1,0,0,0,0.4645665443214055,0.44397677401873803,0.1674508347322144
frame_000298,images/frame_000298.png,train,-0.02369290390646913,-0.38610088192765873,0.00169512964141337,0,0,0,0,0,0.22278288494665358,0.7146681238442114,0.023199478613574027
frame_000299,images/frame_000299.png,train,-0.49972322736963737,-0.08204648704232921,0.6351914839675766,0,0,0,0,0,0.4250388989423117,0.39773833513742074,0.18792305966187317
frame_000300,images/frame_000300.png,train,-0.664925337935935,-0.2105828535715714,0.07247725235344969,0,0,0,0,0,0.6272091588059135,0.5616478940891056,0.05101316399063049
frame_000301,images/frame_000301.png,train,-0.18345128601714072,0.12540858774229857,0.2504415524541409,0,0,0,0,0,0.07107784123510685,0.5956551994376226,0.08744472558490121
frame_000302,images/frame_000302.png,train,0.016519217589195705,-0.08585042435166886,0.17388615262055387,0,0,0,1,0,0.06820391546328576,0.6558360030649669,0.0657880733313245
frame_000303,images/frame_000303.png,train,-0.11316629926545196,0.29165902948593275,0.009739444196822187,0,0,0,0,0,-0.04566136950723347,0.6939579346780218,0.026626042949059146
frame_000304,images/frame_000304.png,train,-0.13650436574243793,0.22925082331193428,0.06109142349484557,0,0,0,0,0,0.025250400615898318,0.6713171286283164,0.03973474287860071
frame_000305,images/frame_000305.png,train,-0.2017759073558703,-0.2844633949284724,0.2899908062222567,0,0,0,0,0,0.31240158600872264,0.5781480363510361,0.0975461344608136
frame_000306,images/frame_000306.png,train,-0.6683613234228254,0.1603488773814229,0.22622822702534442,0,0,1,1,0,0.43119184254832166,0.3471478558565643,0.10199838147705063
frame_000307,images/frame_000307.png,train,-0.29820153840529073,-0.01614835049618644,0.18368147951781078,0,1,1,0,0,0.2817906505039294,0.2560711744877081,0.19992423153490174
frame_000308,images/frame_000308.png,train,0.541670996719243,0.3765958075460865,0.03329247950580378,0,0,0,0,0,-0.6022677198273023,0.6000134328291201,0.039323270864947225
frame_000309,images/frame_000309.png,train,0.13805930484287238,-0.13724282494619955,0.10020103095865186,0,0,0,0,0,-0.0038642168810637152,0.6573177781958973,0.04945880455523163
frame_000310,images/frame_000310.png,train,0.15565457629910762,-0.13927300124744066,0.1246042837361315,0,0,0,0,0,-0.05051581287027144,0.6452575854325324,0.05579233558734634
frame_000311,images/frame_000311.png,train,0.1717416702555558,-0.6193580574207518,0.030726734205954793,0,0,0,0,0,0.26402812019955946,0.6748973089768047,0.032768096807165685
frame_000312,images/frame_000312.png,train,-0.3422657630777361,-0.26550393820806906,0.18235220342774935,0,0,1,0,0,0.415525997175884,0.4277235761847405,0.08589959865932562
frame_000313,images/frame_000313.png,train,-0.19516677057154513,0.23506573949725942,0.00773144118552186,0,0,0,0,0,-0.02088404288186302,0.6782606414707583,0.02744006574315415
frame_000314,images/frame_000314.png,train,-0.11802961015030462,0.44493146023035074,0.08443594980211948,0,0,0,0,0,-0.11615884453911204,0.6668414955391972,0.04522858931333051
frame_000315,images/frame_000315.png,train,-0.7736717792157577,-0.05116361986560263,0.07112128862067715,0,0,0,0,0,0.6531079029845763,0.5403731931396114,0.052416828045380066
frame_000316,images/frame_000316.png,train,-0.20332042593731198,-0.027290583455350525,0.4979601381314866,0,0,0,0,0,0.1591741874713717,0.5050498664665173,0.14914724107160568
frame_000317,images/frame_000317.png,train,0.12212818074534386,0.23633485857933986,0.25698802287639355,0,0,0,0,0,-0.18764000845783524,0.6056285558441934,0.08808708056527112
frame_000318,images/frame_000318.png,train,0.6542422563242165,0.056746820620209214,0.24841980180584688,0,0,0,0,0,-0.5219701638486755,0.5022046181031102,0.0944759869490375
frame_000319,images/frame_000319.png,train,-0.6230447847054744,0.2758182396680426,0.1361679617005677,0,0,0,0,0,0.31184554117360863,0.5477322564637064,0.06613837105702838
frame_000320,images/frame_000320.png,train,-0.7558426754562109,0.06214358561593068,0.16434436296797586,0,1,0,0,0,0.5047797782171768,0.33131093786996624,0.1896508848233574
frame_000321,images/frame_000321.png,train,-0.46789745925980925,-0.04958636468726714,0.26520134027378345,0,0,0,0,0,0.396214771051465,0.5336000390522139,0.09565629173605525
frame_000322,images/frame_000322.png,train,0.14973771296580052,0.03707976979703375,0.31164917986290414,0,0,0,0,0,-0.15866661206708313,0.5809752444548234,0.10208480001345305
frame_000323,images/frame_000323.png,train,-0.15642185282468507,0.48177140918935296,0.07800385060592277,0,0,0,0,0,-0.2188444821593542,0.66141428172299,0.044247704595463816
frame_000324,images/frame_000324.png,train,-0.27704276582996634,0.5298829202742854,0.07058186413602927,0,0,0,0,0,-0.0901788564869423,0.6398877943863965,0.04433698655901472
frame_000325,images/frame_000325.png,train,0.04529594930280025,-0.021848754328056132,0.5436821496248816,0,1,0,0,0,-0.06262475038318144,0.3406520577707314,0.27235790829581547
frame_000326,images/frame_000326.png,train,-0.4742828188493768,-0.1653270393531489,0.2748468516608511,0,0,0,0,0,0.47342530162353924,0.5289470381488267,0.0981505443134811
frame_000327,images/frame_000327.png,train,0.1845223411799271,-0.5966928416855832,0.38131855281322974,0,1,0,0,0,0.21595524728971283,0.36963403827938424,0.23431935855655986
frame_000328,images/frame_000328.png,train,-0.3303093984691705,-0.0073759870632959836,0.01972365049996249,0,0,0,0,0,0.22849569186946492,0.6470348426311789,0.03257641569949744
frame_000329,images/frame_000329.png,train,0.02061285726445701,0.070107797795501,0.14195721635316716,0,0,0,0,0,-0.041635814530546295,0.6661924028235,0.057935195371816774
frame_000330,images/frame_000330.png,train,-0.25831713276929136,0.07873377569488037,0.20953951686367894,0,1,0,1,0,0.16297492842397535,0.41499774254385413,0.19289887430650104
frame_000331,images/frame_000331.png,train,0.15818658104559422,0.036752653577399534,0.5278858928355448,0,0,0,0,0,-0.14089313146503096,0.5036026212984406,0.15584668671994462
frame_000332,images/frame_000332.png,train,-0.22128938202436474,-0.3091165762931339,0.047677586905845316,0,0,1,0,0,0.38315220043406734,0.4990549681780811,0.05056467166503949
frame_000333,images/frame_000333.png,train,0.2676430816046087,-0.47439594985964334,0.16412103355207133,0,0,0,0,0,0.07978160823805973,0.6090290219358533,0.06738430562658743
frame_000334,images/frame_000334.png,train,-1.0,-0.24240604946815755,0.011355599381754403,0,0,0,0,0,0.9231467292414534,0.516025540216386,0.04121618864667509
frame_000335,images/frame_000335.png,train,0.14277576506015405,-0.06295048199784611,0.1632225123322427,1,1,0,0,0,-0.0982295289583801,0.13431696767168422,0.8251635952993586
frame_000336,images/frame_000336.png,train,-0.2654474070002111,-0.040738118020321436,0.22256299876976995,0,1,0,0,0,0.19896165945310032,0.40901346903053826,0.19624278220690633
frame_000337,images/frame_000337.png,train,0.42058675315443805,-0.21679057837100787,0.2090729007177696,0,0,0,0,0,-0.16323447053332288,0.562707134117893,0.08097946742847789
frame_000338,images/frame_000338.png,train,0.1937324907880888,-0.2450181562004414,0.07970727261764717,0,1,0,0,0,0.026648048410176657,0.47335595642620576,0.1596671234617859
frame_000339,images/frame_000339.png,train,-0.05044974780238982,0.3180337731917453,0.11400765795147416,0,0,0,0,0,-0.16293803021574088,0.6700073701565061,0.05148109513680383
frame_000340,images/frame_000340.png,train,-0.1945364248230041,0.6444039367573305,0.04952064931840773,0,1,0,0,0,-0.22595004828979734,0.4837604877739565,0.1521937038281332
frame_000341,images/frame_000341.png,train,-0.12649353691132523,0.3069122053952876,0.09906795075944505,0,1,0,0,0,-0.013026260431154534,0.4800275098519292,0.16339274837892356
frame_000342,images/frame_000342.png,train,0.48118451387760963,0.18721472219741142,0.1979329149189686,0,0,0,0,0,-0.48125002948917006,0.5544865770028391,0.07918631512194596
frame_000343,images/frame_000343.png,train,0.33063401543747956,0.16600260288278912,0.07490126883415762,0,1,0,0,0,-0.35075669889672056,0.44765775282054887,0.16066565891787077
frame_000344,images/frame_000344.png,train,0.25942217563156544,-0.06273473880927571,0.482782809131841,0,1,0,0,0,-0.154951589665717,0.3191415816775425,0.26068089147480167
frame_000345,images/frame_000345.png,train,0.2899859864482289,0.11973055054993445,0.007067775393090649,0,0,0,0,0,-0.2555397008619263,0.6595290813227724,0.028792584080658143
frame_000346,images/frame_000346.png,train,-0.6441401643362022,0.2756321191962002,0.0585836584388293,0,0,0,0,0,0.32085960548317444,0.5706676866791693,0.047234989922208905
frame_000347,images/frame_000347.png,train,-0.5317365161923355,-0.05407586914419798,0.6588507631762008,0,1,0,0,0,0.46047909115556085,0.20305492964986263,0.3087027735267752
frame_000348,images/frame_000348.png,train,0.4269619321061278,0.06315036063626141,0.19086357980017174,0,0,0,0,0,-0.3998445816809931,0.5678053606487142,0.07656555870414065
frame_000349,images/frame_000349.png,train,-0.1747446590799939,0.12870180811832008,0.27203819393649137,1,0,0,1,0,0.08499488043569123,0.2698377003062292,0.7382613866415297
frame_000350,images/frame_000350.png,train,-0.31017485370193415,0.11461279058651988,0.015320920321269568,0,0,0,0,0,0.15056745844654598,0.6526027071471687,0.031162385898905805
frame_000351,images/frame_000351.png,train,0.58305864262722,-0.21959589057968978,0.07602541230417814,0,1,0,0,0,-0.26822093810148034,0.39677937716809364,0.1649832405334717
frame_000352,images/frame_000352.png,train,-0.28764267904294594,0.19592199088842904,0.3511126100629176,0,0,1,0,0,0.1849806489084189,0.3795820506693896,0.1268782101602907
frame_000353,images/frame_000353.png,train,-0.3927089376458065,-0.6240008454415028,0.05368552529432508,1,0,0,0,0,0.6535059272852254,0.30266827861782486,0.6875973532753255
frame_000354,images/frame_000354.png,train,0.5856003361815,0.17706048885068185,0.33781192514202024,0,0,0,1,0,-0.5667517744488928,0.4846457589639929,0.11554696281412502
frame_000355,images/frame_000355.png,train,0.574873445711689,0.05011462398763372,0.10185073867322737,0,1,0,0,0,-0.48520422931429735,0.38937755232203264,0.1712569583223474
frame_000356,images/frame_000356.png,train,-0.2521793378129945,0.2141697671310978,0.41508768316437084,0,0,0,0,0,0.016911143435923454,0.5242834433298713,0.12937661482977186
frame_000357,images/frame_000357.png,train,0.429511178185565,0.5243649424466367,0.16294858612971094,0,0,0,0,0,-0.5837620204841376,0.5770657592174882,0.06968342821113735
frame_000358,images/frame_000358.png,train,-0.03884982901984814,0.07322256108263202,0.011925667027872695,0,0,0,0,0,-0.004633095555057582,0.708056050736275,0.025979162687230002
frame_000359,images/frame_000359.png,train,-0.4684633442336439,0.07948853270702444,0.069045996083418,0,0,0,0,0,0.33503866656445164,0.6021412325240749,0.04701882053642596
frame_000360,images/frame_000360.png,train,-0.029319066736737745,0.218546374976028,0.4752809747436196,0,0,1,0,0,-0.05173964772512339,0.38778784549238554,0.15353878680420546
frame_000361,images/frame_000361.png,train,0.1981466497069626,-0.1260362333247324,0.09354374533603318,0,0,0,0,0,-0.0685343647548889,0.6476303591909958,0.048769195238647645
frame_000362,images/frame_000362.png,train,-0.6378847747576426,0.25102785728640575,0.09850497443236482,0,1,0,0,0,0.31919589050154906,0.37794630399714374,0.17143539005534877
frame_000363,images/frame_000363.png,train,1.0,0.1491973019490789,0.12739348768094028,1,0,1,0,0,-0.8877900891906236,0.0,0.7280265672898069
frame_000364,images/frame_000364.png,train,0.4040809468475928,0.626752127702779,0.37651886891572267,0,0,0,0,0,-0.6675104271131019,0.5074022065099786,0.12224197464066071
frame_000365,images/frame_000365.png,train,0.7291210871728664,0.047882327347901,0.008228975472938063,0,0,0,0,0,-0.5482398772400734,0.5712956411498984,0.0361067233120545
frame_000366,images/frame_000366.png,train,0.3741734506300916,-0.011380564501432048,0.04633390994546312,0,0,0,0,0,-0.3172677659045046,0.6289484413930696,0.03987758487655633
frame_000367,images/frame_000367.png,train,0.8584213562228745,-0.28372334676874345,0.23206726833916957,0,0,0,0,0,-0.5444505495802078,0.46709218483671566,0.09368742424768006
frame_000368,images/frame_000368.png,train,0.0770783877579613,0.38237430806506695,0.21207621247691535,1,0,0,0,0,-0.3248264193849927,0.31035764808148736,0.7218281548984024
frame_000369,images/frame_000369.png,train,-0.2857480654117495,-0.6455721005882653,0.09818450897315609,0,0,0,1,0,0.5579686916704447,0.6284858087770454,0.051321727271930705
frame_000370,images/frame_000370.png,train,0.10868376794019528,-0.1254660678037657,0.12626003734095206,1,0,0,0,0,0.009608568214249467,0.3340722333426277,0.7010514295475992
frame_000371,images/frame_000371.png,train,0.2763282781164089,-0.4590376745218807,0.5571586061222122,1,0,0,0,0,0.047447102730664374,0.1497288322339439,0.8105965867681711
frame_000372,images/frame_000372.png,train,-0.49025898036780113,-0.2544676250592589,0.060094535066141166,0,0,1,0,0,0.5099173117208751,0.44091511665329025,0.05794758838228783
frame_000373,images/frame_000373.png,train,0.44237220944509337,-0.3965298952264968,0.05984489183779435,1,0,0,1,0,-0.12182414193466601,0.29057984596775327,0.6899194885268944
frame_000374,images/frame_000374.png,train,0.4202885858702746,-0.15152812673409355,0.18080482891467206,0,0,0,0,0,-0.18301784225055134,0.5726605927058098,0.07396421494476307
frame_000375,images/frame_000375.png,train,-0.12432857391097507,0.5702928316982021,0.25789245897334445,0,0,0,0,0,-0.18073000711039575,0.6048719245771343,0.08834658700796504
frame_000376,images/frame_000376.png,train,0.9472181748612372,-0.22240062429978902,0.29713037528711056,0,0,0,0,0,-0.6059043947391449,0.4265607336772638,0.11124382386898321
frame_000377,images/frame_000377.png,train,0.035494872970820567,0.023320743543197374,0.2472359856797366,0,0,0,0,0,-0.0742928761018824,0.6263684304179281,0.0842824424161078
frame_000378,images/frame_000378.png,train,-0.0513339105056975,0.08706616153218534,0.199222782176202,0,0,0,0,0,-0.029146784556061216,0.6400052441371897,0.07262859254778926
frame_000379,images/frame_000379.png,train,-0.46233248857034304,-0.04865874460044974,0.18976227164073264,0,0,0,0,0,0.38657928007352416,0.561116707211675,0.0768583631840272
frame_000380,images/frame_000380.png,train,0.10913375677730011,0.43628116294528907,0.1767236372348921,0,0,0,0,0,-0.3290501768603288,0.6363199756123278,0.06797360214269005
frame_000381,images/frame_000381.png,train,0.016340320340909195,0.3468190787561531,0.013661719369312549,0,0,0,0,0,-0.2528598513737508,0.7119503341525588,0.026049551529044063
frame_000382,images/frame_000382.png,train,0.16354288147341914,-0.2309776585603366,0.2918244261164545,0,1,0,0,0,0.006583910752444052,0.40515287456455706,0.2117891437804554
frame_000383,images/frame_000383.png,train,0.6225569485704575,-0.09322286570090597,0.15146199819719075,0,0,0,0,0,-0.44457882745431077,0.5424769109168918,0.06992348673003061
frame_000384,images/frame_000384.png,train,0.4794828398786147,0.16893707102151873,0.2276141366306892,0,0,0,0,0,-0.47050072516986546,0.5444384842035359,0.08652003132246874
frame_000385,images/frame_000385.png,train,-0.4105950346496275,-0.12197466846974922,0.13042969717779954,0,1,0,0,0,0.3492991553834612,0.4122305990578447,0.17571608545448836
frame_000386,images/frame_000386.png,train,-0.4580351351569365,-0.3389210240309803,0.34048479548254096,1,0,0,0,0,0.4842353935101324,0.1892232945497233,0.7597687914421811
frame_000387,images/frame_000387.png,train,-0.11638141377560005,0.26601805158695796,0.11076986962014265,0,0,0,0,0,-0.06006033237954042,0.65795426287783,0.05173303028620498
frame_000388,images/frame_000388.png,train,-0.06154296056479894,3.693093063706649e-05,0.10402121226752012,1,0,0,0,0,0.01810385903852444,0.3512839835934082,0.6947819480113818
frame_000389,images/frame_000389.png,train,0.24604946672899852,0.113478501356806,0.17518116689385138,0,0,1,1,0,-0.29342125297319693,0.4494766982413522,0.08258172085733911
frame_000390,images/frame_000390.png,train,0.23177448301024817,0.12566120323773866,0.00137146722016038,0,0,0,0,0,-0.22038591865236593,0.6731650898708942,0.026448515598763746
frame_000391,images/frame_000391.png,train,0.2802468308510397,0.406824752695719,0.3639117066791893,0,0,0,1,0,-0.4243905431047328,0.5365815364920757,0.1171340525500556
frame_000392,images/frame_000392.png,train,0.38287388098902225,-0.2742222671010839,0.012434571683559346,1,0,0,0,0,-0.14505759297346746,0.3190731237129498,0.677209755873347
frame_000393,images/frame_000393.png,train,-0.4735282154121338,-0.09741921908798751,0.04938602124085055,0,1,0,0,0,0.42614888699863823,0.4280092494832755,0.1566241847143251
frame_000394,images/frame_000394.png,train,0.04313564617405729,-0.1359421362134373,0.33034415418032315,0,0,0,0,0,0.029789435576120057,0.5957524168020755,0.10501552057550506
frame_000395,images/frame_000395.png,train,0.7077768790594892,-0.09405614678119353,0.253703541014143,0,0,0,0,0,-0.5115039851794712,0.4896483848331521,0.09664290823645928
frame_000396,images/frame_000396.png,train,0.8011079902347958,0.6967047678487248,0.12397135180433728,0,0,0,0,0,-0.9692697781398024,0.5163884288215227,0.06596262309123238
frame_000397,images/frame_000397.png,train,-0.15825051497610737,-0.32786615047636347,0.09500896203196288,0,1,0,0,0,0.2858579641391557,0.4750967602935916,0.16289423082354448
frame_000398,images/frame_000398.png,train,-0.07269900023074216,-0.2510727083343604,0.3962050223778172,1,0,1,0,0,0.2143386818378837,0.08678844212161554,0.7802220295533905
frame_000399,images/frame_000399.png,train,0.21028204483518703,0.22925493475754385,0.30133954936884916,0,0,1,0,0,-0.2735136274918642,0.4124747487538653,0.1132967209608376
frame_000400,images/frame_000400.png,train,0.3901728329141023,0.33149461437342664,0.006837978398872831,0,0,0,0,0,-0.5567349264588354,0.639572140977574,0.030338583969546105
frame_000401,images/frame_000401.png,train,0.38823757572574136,0.4928047235834608,0.05952471149918808,0,0,0,0,0,-0.556627933445945,0.6215188358301358,0.04337392966341052
frame_000402,images/frame_000402.png,train,0.24926380868021014,0.07129259204128958,0.1942388699624113,0,0,0,0,0,-0.25597935893654056,0.602163633777114,0.07455946068956137
frame_000403,images/frame_000403.png,train,0.48395177516123966,0.48238283608638705,0.14746178697810353,0,0,0,0,0,-0.6059766878339055,0.5715980195254158,0.06671375157314952
frame_000404,images/frame_000404.png,train,0.21595916587720793,-0.18847279136198122,0.03370053757533921,0,0,1,0,0,-0.09362134817759134,0.5050129786731896,0.04701307997271945
frame_000405,images/frame_000405.png,train,0.23401892235671373,-0.2626343326228547,0.37358104262794334,0,1,0,0,0,-0.03552286635881291,0.36244285060887715,0.2331924013294374
frame_000406,images/frame_000406.png,train,0.3798028432684863,0.08321629956493895,0.17397685376135807,0,0,0,0,0,-0.33621694964599363,0.5831475325298274,0.07162310522511259
frame_000407,images/frame_000407.png,train,-0.18396337675354535,-0.0175175037545398,0.30410249604281314,0,0,0,0,0,0.19478108085486517,0.5767714510343063,0.10076083304667441
frame_000408,images/frame_000408.png,train,-0.2745020105745122,-0.00761772323880395,0.19683762628645315,0,0,0,0,0,0.20130755203220968,0.596206428684839,0.07560776348823257
frame_000409,images/frame_000409.png,train,-0.5797132941091779,0.08731303080844992,0.09942834967297114,0,0,0,1,0,0.46336911969920636,0.5692574187926245,0.0563336434246437
frame_000410,images/frame_000410.png,train,-0.4050609393853036,0.1878776367697567,0.1851209725342449,0,1,0,0,0,0.20275429386550728,0.3941954717359536,0.1891909762186576
frame_000411,images/frame_000411.png,train,-0.18918158951851385,0.46786067716216573,0.06605748211479427,0,0,0,0,0,-0.11713819092607122,0.6590435633561192,0.0418091609967652
frame_000412,images/frame_000412.png,train,-0.5602448113926938,-0.05578123059660652,0.10327738731054784,0,0,0,0,0,0.5379065953312868,0.5718039521627695,0.056976709035298966
frame_000413,images/frame_000413.png,train,0.46304316199827283,-0.027235550472316215,0.14574863398304141,0,0,1,0,0,-0.34623914301711006,0.4163793457062809,0.07875435181976664
frame_000414,images/frame_000414.png,train,0.3057992426588243,-0.14070852571350026,0.25478238489771327,0,0,0,0,0,-0.21550758591990435,0.5696663167540356,0.09047881933717407
frame_000415,images/frame_000415.png,train,0.021483902694030166,0.09993320917127126,0.3325143940519725,0,0,0,0,0,-0.03792837410210041,0.5993231815430036,0.10520731216799366
frame_000416,images/frame_000416.png,train,-0.04978567214752644,0.22418785831996788,0.16072530494623535,0,0,0,0,0,-0.13101783388664154,0.6537890088393123,0.06305644638102678
frame_000417,images/frame_000417.png,train,0.6317018338133057,-0.07515205851619998,0.28248600142836544,0,1,1,0,0,-0.4485638809423666,0.15478953273741097,0.2297637576952475
frame_000418,images/frame_000418.png,train,0.01287499270121163,-0.1785344327080854,0.01581513300564602,0,0,1,0,0,0.05206743976098769,0.5518897049077814,0.03932815286861961
frame_000419,images/frame_000419.png,train,-0.068064809099125,0.3951123552008025,0.19419209567636608,1,0,0,0,0,-0.17253329994133337,0.3184198046934469,0.7172486766733247
frame_000420,images/frame_000420.png,val,0.14080810753938336,0.04745165409113954,0.08112366815502325,0,0,0,0,0,-0.15005851151005098,0.6634450946378652,0.04477159942307591
frame_000421,images/frame_000421.png,val,0.05428407062518663,-0.14992003076818478,0.24843630023195648,0,1,0,0,0,0.06854829796721147,0.44219048079377793,0.1992807475875282
frame_000422,images/frame_000422.png,val,-0.6700499939571143,0.06774062945852773,0.14551077406772928,1,0,0,0,0,0.5089178836898626,0.2150612302848719,0.7148074718721107
frame_000423,images/frame_000423.png,val,0.22213134715261162,-0.01544115692989611,0.06017993588410215,0,0,0,0,0,-0.10987578453626842,0.6545107530100419,0.04087872565369912
frame_000424,images/frame_000424.png,val,0.7954993881710126,-0.010599895121076864,0.11165173196392743,0,0,0,0,0,-0.5713891711668556,0.5218220161784228,0.06281761973779021
frame_000425,images/frame_000425.png,val,0.06022812191710502,0.2083002191952635,0.5305007529514374,0,0,0,0,0,-0.1666441536964554,0.5222791120835759,0.15492783668263016
frame_000426,images/frame_000426.png,val,-0.06711821997081777,0.09305850208105139,0.2052434039969858,0,0,0,0,0,0.043571323050221274,0.6347411646068915,0.07437425571078557
frame_000427,images/frame_000427.png,val,0.000707536019351414,0.161327490716852,0.17047247285433195,0,0,0,0,0,-0.0667739108023515,0.6601931272971135,0.06468849384418394
frame_000428,images/frame_000428.png,val,-0.6346687468455896,-0.40391620956815666,0.07329407499084291,0,0,0,0,0,0.7009068218621702,0.567413324384087,0.05073163054725848
frame_000429,images/frame_000429.png,val,0.6407317311990858,-0.2330460713282559,0.04733934159576334,0,0,1,0,0,-0.35287026966978235,0.41528488420166565,0.05719186441493468
frame_000430,images/frame_000430.png,val,0.6416159321146008,0.29156672446365667,0.33017821662806673,0,0,0,0,0,-0.637180211382198,0.4761144377572565,0.11455005263759416
frame_000431,images/frame_000431.png,val,-0.0037427985513152104,0.1505556697120796,0.05812939364826664,0,0,0,0,0,-0.1040506267043276,0.6989061525128436,0.036875974401591176
frame_000432,images/frame_000432.png,val,-0.17104824867179316,-0.12433472471571239,0.5355644012885254,0,0,0,0,0,0.2057491144038258,0.4983428098146575,0.157956743498303
frame_000433,images/frame_000433.png,val,0.1963302923264192,0.0706800300203619,0.1888339236493945,0,0,0,0,0,-0.20552966558853983,0.6146420682574281,0.07237209774227255
frame_000434,images/frame_000434.png,val,0.030149182148114725,-0.17225138374744078,0.07634129520974717,0,0,0,0,0,0.07332066418746462,0.6872507102469655,0.041815028126387134
frame_000435,images/frame_000435.png,val,-0.6922471266347741,-0.5545811270108756,0.40338291221742295,1,1,0,0,0,0.871217798362564,0.0,0.888744240687833
frame_000436,images/frame_000436.png,val,-0.08231513263212861,-0.2167365051861996,0.22633485792774946,0,0,0,0,0,0.17430040392404939,0.6243197731988619,0.07984808688819595
frame_000437,images/frame_000437.png,val,-0.32665981071292094,0.14098287158344874,0.09303452938676125,0,0,0,0,0,0.16887769491277224,0.6221059525720494,0.05069912025932352
frame_000438,images/frame_000438.png,val,-0.27561220269440895,0.10365596847931173,0.28258023074777755,0,0,0,0,0,0.1396621472755098,0.565974478699396,0.09688969246855939
frame_000439,images/frame_000439.png,val,-0.5875412264723534,0.5208574845408502,0.020514413989536608,0,0,0,0,0,0.1373530961887298,0.5953117098091915,0.036888234292962736
frame_000440,images/frame_000440.png,val,0.6222894423615345,-0.12318388060352702,0.08058168226922713,0,0,0,0,0,-0.4526710327201307,0.5673385227334636,0.052340888280552875
frame_000441,images/frame_000441.png,val,0.1703751934369525,-0.2941815749033,0.24951692637508793,0,0,0,0,0,0.034608446916932635,0.5985940370813287,0.08700620083601304
frame_000442,images/frame_000442.png,val,0.35621562609848295,0.11814136728302875,0.504455858300985,0,0,0,0,0,-0.40069932884190346,0.47219732437495865,0.15320450287622
frame_000443,images/frame_000443.png,val,0.47010180151639275,-0.18218647040127683,0.21797647197379352,0,0,0,0,0,-0.25550280610787174,0.5496878745058937,0.08397979387376306
frame_000444,images/frame_000444.png,val,0.5760541815006467,-0.09946558182819139,0.058091192811773044,0,0,0,0,0,-0.3706336066135646,0.58445724621575,0.046023482721330077
frame_000445,images/frame_000445.png,val,-0.04944367467245006,-0.20602730850737483,0.12285946006104066,0,0,1,0,0,0.17208288359723467,0.5071104540441457,0.06646024488989728
frame_000446,images/frame_000446.png,val,0.06580720858272245,-0.35457233232716495,0.3090574357029731,0,1,0,0,0,0.12521350877247844,0.4186684557874148,0.2144991593916609
frame_000447,images/frame_000447.png,val,0.5513006881286363,0.48711184298781346,0.16689765731142356,0,0,0,0,0,-0.6463326105814523,0.5513256823152745,0.07261143002329123
frame_000448,images/frame_000448.png,val,0.2503709138979715,-0.002492720740823331,0.135475486926677,0,0,0,0,0,-0.24807605035064761,0.6225093967960688,0.06000385538018344
frame_000449,images/frame_000449.png,val,-0.3704619626423548,-0.09066919518061624,0.17398303850134134,0,0,0,0,0,0.3180142074254194,0.5850135439960595,0.07147518495061034
frame_000450,images/frame_000450.png,val,0.5578029440884485,-0.2239321863308614,0.15889528389777058,0,1,0,0,0,-0.29334747226613656,0.3728260618180906,0.18513087751206228
frame_000451,images/frame_000451.png,val,-0.13783119702238442,-0.2803896035128479,0.015189321670985021,0,0,0,0,0,0.24978479064085157,0.6871174980106783,0.02837225092676244
frame_000452,images/frame_000452.png,val,-0.006472680749838762,-0.30793451527187304,0.11742938587787793,0,0,1,0,0,0.22393618415260882,0.5176051787927749,0.06442605058971115
frame_000453,images/frame_000453.png,val,0.3411592584178761,-0.5130997767537341,0.016324093690392262,0,0,1,0,0,0.0630887527602137,0.4860547155247874,0.044706923369903305
frame_000454,images/frame_000454.png,val,-0.34412928437936224,0.14648381624202336,0.17678131601057634,0,1,0,1,0,0.23485580409896042,0.4093006825204259,0.18614783492069273
frame_000455,images/frame_000455.png,val,-0.4792368612266051,0.5657019023613785,0.044332492730148464,0,0,0,0,0,0.057102773928847085,0.608636255299127,0.04106224797670251
frame_000456,images/frame_000456.png,val,0.08763074796928111,0.008353998863463693,0.07659789318900094,0,0,0,0,0,-0.06881097490602904,0.6756645877899934,0.04279836947838074
frame_000457,images/frame_000457.png,val,0.4555406076173841,0.36576828755127055,0.6769841652835553,0,0,0,0,0,-0.5639476222104538,0.39194742062727883,0.19758072271219984
frame_000458,images/frame_000458.png,val,0.47082805261248095,0.32037313295069064,0.08586952583739142,0,1,0,0,0,-0.46601715649873854,0.4157800554344168,0.16562889124947278
frame_000459,images/frame_000459.png,val,-0.08059871063628987,0.17574530372082134,0.4082317565079838,0,0,0,0,0,-0.01452006662217148,0.5609991430949477,0.12493105498416064
frame_000460,images/frame_000460.png,val,0.4020577638876215,-0.1829503007978256,0.07724707670474773,0,0,0,1,0,-0.20589218649403798,0.612551970375814,0.04799019924497938
frame_000461,images/frame_000461.png,val,-0.35935772069217303,0.1344475129139788,0.07128281756886579,0,0,0,0,0,0.18980736960932917,0.6231794697124624,0.045827862288153484
frame_000462,images/frame_000462.png,val,-0.23838451276951797,-0.7981990171409558,0.12885704395446898,0,1,0,0,0,0.6645931104239213,0.4472231320620323,0.1725706991050206
frame_000463,images/frame_000463.png,val,0.18288045580019102,0.6512949161269412,0.498822883155711,0,0,1,0,0,-0.4870417258977006,0.34883589973546286,0.1618341623154194
frame_000464,images/frame_000464.png,val,-0.3012214987763564,0.3632293110087554,0.08193148905629268,0,0,1,0,0,0.0806809361119665,0.4710796790750263,0.06033855326638229
frame_000465,images/frame_000465.png,val,0.19019509864990308,0.46904545869708447,0.22499958123428293,0,0,0,0,0,-0.37037088731660905,0.6032111268380204,0.08124301772450063
frame_000466,images/frame_000466.png,val,0.0909170923370044,-0.3815958334323824,0.07061231980681124,0,1,0,0,0,0.09329013470678474,0.4971022696002151,0.15576652878948127
frame_000467,images/frame_000467.png,val,0.43644339331161913,0.15169730405010215,0.3525278881299789,0,0,0,0,0,-0.39288300979343926,0.5093265604921835,0.11681001054922069
frame_000468,images/frame_000468.png,val,0.39330527196631937,0.14184461614861096,0.13603573994718102,0,0,0,1,0,-0.4134887339938925,0.5937264366252227,0.062429747858362
frame_000469,images/frame_000469.png,val,0.2026739589285853,-0.7441758443678262,0.18102704748359288,0,0,0,0,0,0.21646005593210357,0.6161057415950254,0.0705374911187884
frame_000470,images/frame_000470.png,val,-0.6574013322056073,0.09533221868356855,0.33046068655345656,0,0,1,0,0,0.4532649390717505,0.31285849326516874,0.12767267158054693
frame_000471,images/frame_000471.png,val,0.01681102599213807,-0.26041012641407296,0.2377793189484561,0,0,0,0,0,0.04997642652280626,0.6334150331696128,0.08163824751509133
frame_000472,images/frame_000472.png,val,-0.22409543228372542,-0.6638230341872222,0.032774298652193,0,0,0,0,0,0.4848926042097721,0.6637099090149874,0.03411355298228347
frame_000473,images/frame_000473.png,val,0.2720683734409977,-0.17181487995657851,0.03073027665122475,0,0,0,0,0,-0.06379948816893949,0.6548307284838717,0.034374202584559706
frame_000474,images/frame_000474.png,val,0.03742085065539596,-0.03086700946907975,0.09697616106241905,0,0,0,1,0,0.03999005025366725,0.6785741734970742,0.04704882155396625
frame_000475,images/frame_000475.png,val,-0.06444232356932114,-0.6525974968003854,0.5202581502446872,0,0,1,0,0,0.4007423675516047,0.3650211827004952,0.16525509843779157
frame_000476,images/frame_000476.png,val,-0.39213058664398354,0.3014155604239128,0.053361977757171025,0,0,0,0,0,0.15314864838779466,0.6228971904561934,0.04190785987008215
frame_000477,images/frame_000477.png,val,-0.27933139224164516,0.09655590420634916,0.07545455909419128,0,0,0,0,0,0.2519255803792392,0.637724625868704,0.04558203293122576
frame_000478,images/frame_000478.png,val,0.5629568813554562,-0.147098380016876,0.053307097548482126,1,0,0,0,0,-0.33398179587382254,0.26875113958693997,0.6902274702937109
frame_000479,images/frame_000479.png,val,0.27385675115037156,0.5429259662051232,0.10053766018235778,0,0,0,0,0,-0.5045500503075467,0.6300404687061004,0.05171504774363067
frame_000480,images/frame_000480.png,val,-0.453105562414675,0.053156250322744576,0.3054476721427993,1,0,0,0,0,0.3454354374363986,0.20247220226708518,0.7510007116900489
frame_000481,images/frame_000481.png,val,-0.023724887916830088,-0.22747653450251687,0.11762018620420532,0,0,0,1,0,0.2044960968675854,0.6740879572451621,0.051949404385312196
frame_000482,images/frame_000482.png,val,-0.19693855776585292,0.2452549512114078,0.32162647478023515,0,0,0,0,0,-0.04950531748379863,0.5680430222737471,0.10531438266975196
frame_000483,images/frame_000483.png,val,0.7348911866492029,-0.006309467603399109,0.18967075499461905,0,0,0,0,0,-0.6279646042181231,0.5066369984220427,0.08119660622505277
frame_000484,images/frame_000484.png,val,-0.29591744225002653,0.8333842955531628,0.029212811389712844,1,1,0,0,0,-0.24360775862152048,0.15059202756359516,0.7943794563006491
frame_000485,images/frame_000485.png,val,-0.08574447326998541,0.18948102694131994,0.31810661742190716,0,0,0,0,0,-0.05408616032440414,0.5915137892483354,0.10266235269295274
frame_000486,images/frame_000486.png,val,0.17747947793896413,-0.1870288440292346,0.06999423548430807,0,0,0,0,0,-0.09671920785817248,0.6600061219926993,0.042598242047131835
frame_000487,images/frame_000487.png,val,-0.0375254491545413,-0.002026388458808208,0.20304316828872307,0,0,0,0,0,-0.043428855400493516,0.6414298012680386,0.073355112922076
frame_000488,images/frame_000488.png,val,0.5388106764296514,0.27933986934473315,0.04091155153089568,0,0,0,0,0,-0.6079851643151707,0.5979188216782563,0.041167035602536546
frame_000489,images/frame_000489.png,val,0.20107909421993136,0.4868781192019086,0.649717079666938,0,0,0,0,0,-0.43166012867670506,0.4523832032725854,0.1867471012649195
frame_000490,images/frame_000490.png,val,0.3909053759804984,0.03722100024615016,0.4128107461601862,0,0,0,0,0,-0.421027485962439,0.4973351636478352,0.1310315510634142
frame_000491,images/frame_000491.png,val,-0.032831248337033464,0.24550387779684837,0.1759944921847844,0,1,0,0,0,-0.07175836656850451,0.47183567806791865,0.18097193403521908
frame_000492,images/frame_000492.png,val,0.10467615105636077,-0.1815009752631702,0.30990584323305365,0,0,0,0,0,0.084501564031198,0.590597724657159,0.10093146753869908
frame_000493,images/frame_000493.png,val,0.3042053328102384,0.09311064101036053,0.10442256948142833,0,0,0,0,0,-0.2855246503632828,0.6226110341194524,0.053164082556358044
frame_000494,images/frame_000494.png,val,0.42103516514870976,0.29090933713662054,0.05996200554546604,1,0,0,0,0,-0.5496497391550307,0.29480626502934487,0.6896071400176549
frame_000495,images/frame_000495.png,val,-0.2168314580485932,0.6377807416120411,0.6172155585024834,0,0,0,0,0,-0.15907078516010376,0.46060826291441215,0.17893876183739338
frame_000496,images/frame_000496.png,val,-0.23180247062992032,-0.2300500842483366,0.31549216137412733,0,0,0,0,0,0.30363109930452314,0.5632172493930714,0.1043508955508623
frame_000497,images/frame_000497.png,val,-0.3236076969808509,0.42455527808251525,0.3644564495412477,1,0,0,0,0,-0.00047851917043424674,0.2077187032643931,0.7635629226379229
frame_000498,images/frame_000498.png,val,0.19977546330842072,0.011413206736436435,0.16358392322501478,0,0,0,0,0,-0.13697219984857317,0.6227905342095607,0.06616522037273839
frame_000499,images/frame_000499.png,val,0.4481403385088512,0.6849912801023584,0.09342795623564448,0,0,0,0,0,-0.7106448281652792,0.5976721476157542,0.05274037856258146
frame_000500,images/frame_000500.png,val,-0.28722491876357886,-0.324705792065305,0.13801010139227934,0,0,0,0,0,0.38614222706490253,0.6142514807599864,0.06122210384550254
frame_000501,images/frame_000501.png,val,0.4691279939732711,0.17329972005496264,0.008670039910001967,1,1,0,1,0,-0.43214639983211306,0.12313988723684505,0.7920562178012528
frame_000502,images/frame_000502.png,val,-0.0556999956433142,0.12816315750308094,0.006092559441108361,0,0,0,0,0,-0.03787275451835912,0.7067276050669492,0.024802154671687907
frame_000503,images/frame_000503.png,val,-0.5180928642362143,0.1291394730040608,0.017649103229447363,0,0,0,0,0,0.28829755374049654,0.6102042410224505,0.03506646342868237
frame_000504,images/frame_000504.png,val,-0.31782487899346906,-0.0094262787436764,0.16388710253899863,0,0,0,0,0,0.30074054597680355,0.5990745383126567,0.06812919949356716
frame_000505,images/frame_000505.png,val,-0.3356363528354433,0.67091350111464,0.13290787101835042,0,0,0,0,0,-0.0128094986659434,0.6063549745764887,0.060731333657917996
frame_000506,images/frame_000506.png,val,-0.08736620601761684,-0.12755684138803117,0.07547448164330975,1,0,0,0,0,0.10863796392609079,0.3561106902213182,0.6881155307438226
frame_000507,images/frame_000507.png,val,-0.36034096027041024,-0.34228147731640113,0.2684898714911063,0,1,0,0,0,0.4895677053953021,0.3739603529240308,0.20915094349412092
frame_000508,images/frame_000508.png,val,-0.6642657132811559,-0.33792244966617935,0.016082863915668436,0,0,0,0,0,0.7169182645356137,0.5815178549732849,0.037016801663584266
frame_000509,images/frame_000509.png,val,0.5185698701168823,-0.08191353897361214,0.04071345026758226,0,0,0,0,0,-0.37410396089883047,0.6020363183829698,0.04079405358823051
frame_000510,images/frame_000510.png,test,0.24169484974335456,0.10332005962973453,0.1938762330595569,0,0,0,0,0,-0.21153806119820323,0.6038043484804841,0.07434842339466378
frame_000511,images/frame_000511.png,test,-0.20094281773768874,0.3762191801890752,0.0425709464882504,0,0,0,1,0,-0.14650712005519334,0.6649116051815745,0.03617267981288912
frame_000512,images/frame_000512.png,test,0.4749147520230047,-0.2813931145811695,0.06625811664487283,0,0,0,0,0,-0.22198520120985218,0.6018267087696936,0.04643064896029654
frame_000513,images/frame_000513.png,test,-0.3750452663902597,-0.3755386660387985,0.2913869221418448,0,0,0,0,0,0.5663115832767776,0.5430055239723024,0.10066468095342167
frame_000514,images/frame_000514.png,test,0.4516211040593142,-0.45056420003206626,0.1454238292299962,0,0,0,0,0,-0.07071862450159119,0.5787774389576384,0.06569104731398809
frame_000515,images/frame_000515.png,test,0.39404697713773723,0.20053870075789368,0.19148931380976814,0,1,0,1,0,-0.4092760886695244,0.39416934473903364,0.1905941014590263
frame_000516,images/frame_000516.png,test,0.015845781419038474,-0.16030737646414497,0.1603243344245152,0,0,0,0,0,0.03204246186590792,0.660717326667612,0.0624139674399844
frame_000517,images/frame_000517.png,test,0.7015600411488832,0.11742891568398353,0.027743741860667016,1,0,0,0,0,-0.5962501743440968,0.24997768211898988,0.6861054086398275
frame_000518,images/frame_000518.png,test,0.2549374881380176,-0.254410991558137,0.04836060557910832,0,0,0,0,0,-0.06399199319686177,0.6520862904197086,0.03847242999382715
frame_000519,images/frame_000519.png,test,-0.07879479960337764,-0.051065858066391745,0.04284170548104631,0,0,0,0,0,0.12723480872660337,0.6892464431609582,0.03428545975295352
frame_000520,images/frame_000520.png,test,0.4538944967655532,-0.27425895940317924,0.5557124191893319,0,1,0,0,0,-0.15471099651201667,0.25472175393062313,0.2818789919072032
frame_000521,images/frame_000521.png,test,0.18314515464275322,-0.1614448175053021,0.04891694961018048,1,1,0,0,0,-0.08875161277727274,0.16625003670788618,0.7974617259776087
frame_000522,images/frame_000522.png,test,0.1374931192378402,-0.30309913713347225,0.16225652591199757,0,0,0,0,0,0.026774797239742534,0.6357115920832328,0.06483950833398086
frame_000523,images/frame_000523.png,test,-0.20850886183711367,-0.28132794214827705,0.05026821133675725,0,0,0,0,0,0.2994494596497394,0.6607043536647121,0.03820265820090963
frame_000524,images/frame_000524.png,test,0.8763637710391385,-0.016140234562585988,0.06000329271561111,0,0,0,0,0,-0.6739393511148344,0.5237260933417084,0.051302636930097775
frame_000525,images/frame_000525.png,test,-0.38475188557660084,0.18618536406868247,0.23372470504890094,0,1,0,0,0,0.20541397502376801,0.3812459761175645,0.20091975702135306
frame_000526,images/frame_000526.png,test,0.04114163644487231,0.4840481768872363,0.13529072821455837,0,0,0,0,0,-0.2946108812895984,0.66441991783593,0.05661036678032844
frame_000527,images/frame_000527.png,test,-0.6730499622377148,-0.8016659396222688,0.5117176389336234,0,0,0,0,0,0.939749610325386,0.40628883392568876,0.16007477385134206
frame_000528,images/frame_000528.png,test,0.007014173687964388,0.2642303936714827,0.18534777222554302,0,0,0,0,0,-0.15837467243095654,0.6537254449834671,0.0684784742909421
frame_000529,images/frame_000529.png,test,0.06179790807902641,0.11721030283450481,0.21306791290717128,0,0,0,1,0,-0.08957300732172874,0.6330666488666847,0.07622960893024289
frame_000530,images/frame_000530.png,test,0.19740229204630713,0.881114570445892,0.13558722437565654,0,0,0,0,0,-0.6264131542270468,0.6330640130592587,0.05918406831790374
frame_000531,images/frame_000531.png,test,0.08592783618452063,0.26986622641644253,0.40161317067700486,0,1,1,0,0,-0.1836198645179459,0.22224982302614418,0.25057491170684953
frame_000532,images/frame_000532.png,test,0.5617627777869912,0.09102789558309363,0.15144793135655216,0,0,1,0,0,-0.5249844525297724,0.3946406684678084,0.0817472914210168
frame_000533,images/frame_000533.png,test,-0.580368807643678,-0.1704182876050489,0.060479354697457646,0,0,1,0,0,0.5110240648352543,0.42275846432715414,0.05948478088726836
frame_000534,images/frame_000534.png,test,-0.33983977533962084,-0.2318226388914251,0.375020397590991,0,0,1,0,0,0.4020382850811386,0.3607749057752289,0.13364249500799968
frame_000535,images/frame_000535.png,test,0.16883886568073028,0.0037253759835162606,0.23373233344292127,0,0,0,0,0,-0.14126997552328077,0.6044259101588314,0.08306704054473615
frame_000536,images/frame_000536.png,test,0.13636006645759738,-0.2927539969230524,0.23080959885492827,0,0,0,0,0,0.026234374487424404,0.6119446271092556,0.0818225415793438
frame_000537,images/frame_000537.png,test,0.0019508660931477667,-0.12654876357173603,0.03198213137941391,0,0,0,0,0,0.05234097155175162,0.7084160807985755,0.030362782439585012
frame_000538,images/frame_000538.png,test,0.3550795651018974,0.4136775629761327,0.07225406115176915,0,0,0,0,0,-0.5566816735029062,0.6236951655765013,0.04600028020726911
frame_000539,images/frame_000539.png,test,-0.326520214880043,-0.16850334941873268,0.1477193732066691,1,1,1,0,0,0.4031869317501757,0.0,0.8324982621054672
frame_000540,images/frame_000540.png,test,-0.283022112728749,0.25974884201491316,0.11967039954700558,0,1,0,1,1,0.08926223403782269,0.4415109376127982,0.17100661289131736
frame_000541,images/frame_000541.png,test,-0.20068871638603716,0.10699203939751308,0.4068291736347716,1,0,0,0,0,0.08741755057272473,0.21747204595062247,0.7721046545235999
frame_000542,images/frame_000542.png,test,-0.4800801562629184,0.05447014476439065,0.11035312990422211,0,0,0,0,0,0.3537990534864936,0.5853603732809385,0.05744885871645379
frame_000543,images/frame_000543.png,test,-0.06834689508686978,-0.02905063064893317,0.138888491022256,0,0,1,0,0,0.03827956642317561,0.49771964912483635,0.07073789609490941
frame_000544,images/frame_000544.png,test,-0.1103763726249144,-0.26494749702353987,0.5255378207641296,1,1,0,0,0,0.239749508165992,0.013986488207571701,0.9144994015115027
frame_000545,images/frame_000545.png,test,0.044769944059976634,0.004144222050018055,0.10758213920944769,0,0,0,0,0,0.011007639476644071,0.673392262464698,0.04979668962890266
frame_000546,images/frame_000546.png,test,0.43695961560804036,0.13722283348640962,0.10517320797877616,0,0,0,0,0,-0.38374430805455656,0.5957974540858203,0.055474309428465124
frame_000547,images/frame_000547.png,test,0.5075680390285693,-0.17729201119041302,0.24305837238199246,1,1,0,0,0,-0.2623027754002307,0.03341596186058879,0.8507995649751912
frame_000548,images/frame_000548.png,test,-0.3684405439143251,-0.4046025841438168,0.010180949098752338,0,0,0,0,0,0.5157759229909329,0.6427485590325717,0.030819924079119786
frame_000549,images/frame_000549.png,test,-0.3012954280308044,0.6298607630220933,0.04626143500806117,0,0,0,0,0,-0.13999543602885833,0.6435494121410177,0.03869356273049204
frame_000550,images/frame_000550.png,test,0.6904331991770137,-0.09351548379942214,0.09535171625876698,0,0,0,1,0,-0.4779973838142936,0.5485402594740287,0.05709415681900643
frame_000551,images/frame_000551.png,test,0.3375502428228189,0.07116295596873883,0.44091903062225146,1,0,0,0,0,-0.2675938494634419,0.1781682907176482,0.7827487234794834
frame_000552,images/frame_000552.png,test,-0.6578951509121026,0.40815653212285274,0.10595899471098291,0,0,0,0,0,0.3354277184401071,0.5513353216687353,0.05920415310291741
frame_000553,images/frame_000553.png,test,-0.4097800347743333,-0.562035664894467,0.13900149907321752,0,0,0,0,0,0.5562458697989034,0.5893934683695072,0.06342885232654727
frame_000554,images/frame_000554.png,test,0.6041588131463221,0.2127982771067719,0.05989521119295677,0,0,0,0,0,-0.6775806107442517,0.5782049134532007,0.046920553386194434
frame_000555,images/frame_000555.png,test,-0.26790063630341443,0.0048776059422162,0.06265307508013705,0,0,0,1,0,0.18189108693246087,0.6444912964612691,0.042224372800728625
frame_000556,images/frame_000556.png,test,-1.0,-0.11029147891004705,0.07688969621873719,0,0,1,0,0,0.7920163397683185,0.33308860632344195,0.07026864466224683
frame_000557,images/frame_000557.png,test,-0.2178604653996853,-0.04426208087120251,0.47532288275759366,0,0,0,0,0,0.21829099212879857,0.5100648979549052,0.14376584237027817
frame_000558,images/frame_000558.png,test,-0.19871788118713743,-0.13664590465920584,0.33305300126952625,0,0,1,0,0,0.20670892277470262,0.40368787331823824,0.12097663041383672
frame_000559,images/frame_000559.png,test,0.16550538049172836,0.15144806601257696,0.053581787497543006,0,0,0,1,0,-0.18208852705728876,0.6681452982775142,0.038336369387258325
frame_000560,images/frame_000560.png,test,-0.16618572893524722,0.4434912747592066,0.0858696550565748,0,0,1,0,0,-0.05146043351519228,0.49670847494314935,0.05915464611699451
frame_000561,images/frame_000561.png,test,-0.23760092848639724,-0.4293839020902592,0.25970642583849946,0,1,0,0,0,0.3839545241066772,0.40158256525924574,0.20500880846373024
frame_000562,images/frame_000562.png,test,-0.10697890424203194,-0.24919784518311938,0.5161185272933468,1,0,0,0,0,0.16257340809853885,0.19796273459892216,0.7977090572366226
frame_000563,images/frame_000563.png,test,-0.3674015566797717,-0.36890073501439524,0.17238454064886158,0,1,0,0,0,0.46652661297359616,0.4061850994369441,0.18542979098779405
frame_000564,images/frame_000564.png,test,0.12178979847562807,0.20130564700412246,0.01656288773415811,0,0,0,0,0,-0.1691560037190964,0.6898450295979189,0.02845623293368127
frame_000565,images/frame_000565.png,test,-0.11026383221504377,0.17010470503482852,0.28848889399955624,0,0,0,0,0,0.0286769211055694,0.5969761206571464,0.09570946702733066
frame_000566,images/frame_000566.png,test,0.4600182350597808,0.27013136229229795,0.6331094000240531,0,0,1,0,0,-0.5109187984486048,0.24640806297962517,0.1995714229669217
frame_000567,images/frame_000567.png,test,0.23118336389165062,0.19349318978516056,0.13752053054703847,1,0,0,0,0,-0.2988632368417104,0.30563114153020643,0.705804025397932
frame_000568,images/frame_000568.png,test,-0.20078617170434931,0.30767498040001373,0.5034420528423672,0,0,0,0,0,-0.05515237381380537,0.5036380471643016,0.15046620785217665
frame_000569,images/frame_000569.png,test,-0.3468810211386319,0.04045954074980055,0.12232317218682935,0,0,0,0,0,0.2604902553238066,0.6078106855068833,0.058286243040551786
frame_000570,images/frame_000570.png,test,0.3908113103936856,0.2888985765475378,0.17778924070138855,0,0,0,0,0,-0.47940016134123514,0.5796115036757769,0.07274471266024332
frame_000571,images/frame_000571.png,test,0.831266336697406,0.16864106463897627,0.00655430674015598,0,0,0,0,0,-0.7206316726674167,0.5514527253014642,0.037325729458717184
frame_000572,images/frame_000572.png,test,0.5644790614379253,0.09995218134971715,0.053235951370679116,0,0,0,0,0,-0.485511542614437,0.5884716047326772,0.044634180922935224
frame_000573,images/frame_000573.png,test,1.0,-0.0489100947610982,0.016632687650601868,0,0,0,0,0,-0.7419544963395556,0.5141785593222894,0.042524906537349264
frame_000574,images/frame_000574.png,test,-0.24546438812590635,-0.032389946194454275,0.2226287673482799,0,0,0,0,0,0.24255287386839972,0.5929870538029207,0.08153936451238791
frame_000575,images/frame_000575.png,test,0.20647963724787166,0.4488595006950852,0.08379949321552649,0,0,0,0,0,-0.48063394855851244,0.6493742499249914,0.04648594851341652
frame_000576,images/frame_000576.png,test,-0.22305379222291705,-0.7970875070926645,0.4259264005577223,0,0,0,0,0,0.6059260979782111,0.5263150013602138,0.13159860801388182
frame_000577,images/frame_000577.png,test,-0.06647949364331225,-0.13459466129923542,0.41089332726667677,0,1,0,0,0,0.18510909732930209,0.38289143672800074,0.2397652170604288
frame_000578,images/frame_000578.png,test,-0.5373369775000033,-0.0960304375748907,0.33387736453313877,0,0,0,0,0,0.47609158164340826,0.49567552691340067,0.11379897804421846
frame_000579,images/frame_000579.png,test,-0.18168575434046996,0.17581264466268676,0.13468276978163451,0,1,0,0,0,0.029689582695284947,0.45652387970833386,0.17310829897529287
frame_000580,images/frame_000580.png,test,-0.01900932592862458,0.2565181284108434,0.013582890036023476,0,0,0,0,0,-0.1567142021064419,0.7114441233016668,0.026072705943791817
frame_000581,images/frame_000581.png,test,-0.08363555123236455,-0.3844581736655249,0.14864349315450268,0,0,1,0,0,0.2648650179302141,0.4912476671494511,0.0734017551220345
frame_000582,images/frame_000582.png,test,0.4963046036998745,0.4610347008090083,0.2656370521542029,0,0,0,0,0,-0.6710096878754734,0.527766111006054,0.09621886259344031
frame_000583,images/frame_000583.png,test,0.27124825119100676,-0.058089651154149755,0.21497547630129155,1,0,0,0,0,-0.13250240666468593,0.27050893305634655,0.7256538901417764
frame_000584,images/frame_000584.png,test,0.13234002087541366,0.7137490222700901,0.03961728502096849,0,1,0,0,0,-0.4618052780201185,0.4996659460675782,0.14874252701920682
frame_000585,images/frame_000585.png,test,-0.41309477881281037,0.22695149221131045,0.18922808482770426,0,0,0,0,0,0.19340592028202894,0.5711512145477414,0.07593808149827563
frame_000586,images/frame_000586.png,test,-0.3387768480230942,0.09144596918511487,0.07435630871010998,0,0,0,0,0,0.23911135440245482,0.6262199223468427,0.046260794128476786
frame_000587,images/frame_000587.png,test,0.8962235528606565,0.21731352605467785,0.40038603445665844,0,0,0,0,0,-0.818478000228835,0.40062017736803823,0.13603531339102176
frame_000588,images/frame_000588.png,test,-0.37279604647061093,-0.25698274276561917,0.5497755121849699,0,1,0,0,0,0.40407952508275563,0.27301936144113836,0.2791090637654023
frame_000589,images/frame_000589.png,test,0.3220650519301796,-0.5314886793896574,0.03141231586510701,0,0,1,0,0,0.050083925490626346,0.48459267906117665,0.048143295165429416
frame_000590,images/frame_000590.png,test,0.15535139925969577,0.3679272643935099,0.0033071788933173025,1,0,0,0,0,-0.3042031934408078,0.3677722075353998,0.6713058027536978
frame_000591,images/frame_000591.png,test,0.6275156928880773,0.4831618767810937,0.09451504099319,0,0,0,0,0,-0.7023078492465957,0.561416597074768,0.05587998125252037
frame_000592,images/frame_000592.png,test,0.564413984208862,0.49170846558023695,0.14389960450819606,0,0,1,0,0,-0.7014853164340125,0.39675234158035894,0.07991772566537442
frame_000593,images/frame_000593.png,test,0.07178597676545677,0.2172967266856085,0.12427441509856255,0,1,0,0,0,-0.20285268684817223,0.4821467593624117,0.16876863057269081
frame_000594,images/frame_000594.png,test,-0.03683012078150909,-0.11715077880482169,0.06116901526284708,0,1,0,0,0,0.05862995710863168,0.5112248205017017,0.15255919771769022
frame_000595,images/frame_000595.png,test,0.0011366651447389253,-0.16353996067644744,0.005432358675452869,0,0,0,0,0,0.04190726839403875,0.7178713414346436,0.023765411593828147
frame_000596,images/frame_000596.png,test,-0.2639889390738041,0.062083218972430916,0.14725690240479947,0,1,0,0,0,0.15611462972560075,0.4356622963435593,0.17754353482157115
frame_000597,images/frame_000597.png,test,-0.6880558413242953,-0.016858657246992006,0.059992951188636415,0,0,0,0,0,0.5634722909847452,0.5613912988191181,0.04828714535597057
frame_000598,images/frame_000598.png,test,0.21673434631096877,0.40109662723737244,0.16695857397961514,0,0,0,0,0,-0.43827627573634936,0.6182176298449409,0.06727347588792007
frame_000599,images/frame_000599.png,test,-0.17786041326743685,0.2820293249695253,0.20743163932616498,1,0,0,0,0,-0.03389281168060713,0.2918268435823549,0.7222888131651679
